"DateTime";"Duplicate";"Unique";"Total";"Total"
"2018-01-19 00:00:00";;;105;105
"2018-01-20 00:00:00";;;125;125
"2018-01-21 00:00:00";;;182;182
"2018-01-22 00:00:00";;;242;242
"2018-01-23 00:00:00";;;331;331
"2018-01-24 00:00:00";;;440;440
"2018-01-25 00:00:00";;;545;545
"2018-01-26 00:00:00";;;667;667
"2018-01-27 00:00:00";;;753;753
"2018-01-28 00:00:00";;;803;803
"2018-01-29 00:00:00";;;856;856
"2018-01-30 00:00:00";;;940;940
"2018-01-31 00:00:00";;;973;973
"2018-02-01 00:00:00";;;997;997
"2018-02-02 00:00:00";;;1056;1056
"2018-02-03 00:00:00";;;1058;1058
"2018-02-04 00:00:00";;;1180;1180
"2018-02-05 00:00:00";;;1273;1273
"2018-02-06 00:00:00";;;1288;1288
"2018-02-07 00:00:00";;;1342;1342
"2018-02-08 00:00:00";;;1412;1412
"2018-02-09 00:00:00";;;1522;1522
"2018-02-10 00:00:00";;;1633;1633
"2018-02-11 00:00:00";12;1740;;1751
"2018-02-12 00:00:00";12;1778;;1790
"2018-02-13 00:00:00";12;1735;;1747
"2018-02-14 00:00:00";12;1691;;1703
"2018-02-15 00:00:00";12;1709;;1721
"2018-02-16 00:00:00";13;1590;;1603
"2018-02-17 00:00:00";13;1598;;1611
"2018-02-18 00:00:00";13;1622;;1635
"2018-02-19 00:00:00";14;1682;;1696
"2018-02-20 00:00:00";14;1678;;1692
"2018-02-21 00:00:00";14;1600;;1614
"2018-02-22 00:00:00";14;1604;;1618
"2018-02-23 00:00:00";15;1528;;1543
"2018-02-24 00:00:00";15;1461;;1476
"2018-02-25 00:00:00";15;1489;;1504
"2018-02-26 00:00:00";15;1529;;1544
"2018-02-27 00:00:00";15;1470;;1485
"2018-02-28 00:00:00";15;1497;;1512
"2018-03-01 00:00:00";15;1528;;1542
"2018-03-02 00:00:00";15;1534;;1549
"2018-03-03 00:00:00";14;1629;;1643
"2018-03-04 00:00:00";13;1767;;1780
"2018-03-05 00:00:00";13;1809;;1822
"2018-03-06 00:00:00";13;1832;;1845
"2018-03-07 00:00:00";11;1833;;1844
"2018-03-08 00:00:00";8;1853;;1861
"2018-03-09 00:00:00";8;1858;;1866
"2018-03-10 00:00:00";8;1714;;1722
"2018-03-11 00:00:00";8;1619;;1627
"2018-03-12 00:00:00";8;1643;;1651
"2018-03-13 00:00:00";8;1646;;1654
"2018-03-14 00:00:00";11;1581;;1592
"2018-03-15 00:00:00";10;1514;;1524
"2018-03-16 00:00:00";8;1482;;1490
"2018-03-17 00:00:00";21;1543;;1564
"2018-03-18 00:00:00";24;1644;;1668
"2018-03-19 00:00:00";26;1699;;1723
"2018-03-20 00:00:00";33;1796;;1827
"2018-03-21 00:00:00";46;1811;;1854
"2018-03-22 00:00:00";50;1948;;1996
"2018-03-23 00:00:00";48;2058;;2106
"2018-03-24 00:00:00";51;2113;;2162
"2018-03-25 00:00:00";54;2174;;2228
"2018-03-26 00:00:00";50;2184;;2234
"2018-03-27 00:00:00";53;2327;;2383
"2018-03-28 00:00:00";65;2572;;2637
"2018-03-29 00:00:00";66;2790;;2858
"2018-03-30 00:00:00";63;2941;;3003
"2018-03-31 00:00:00";55;3022;;3080
"2018-04-01 00:00:00";65;3308;;3373
"2018-04-02 00:00:00";60;3447;;3507
"2018-04-03 00:00:00";68;3637;;3706
"2018-04-04 00:00:00";67;3862;;3930
"2018-04-05 00:00:00";65;3663;;3728
"2018-04-06 00:00:00";86;4314;;4400
"2018-04-07 00:00:00";94;4471;;4565
"2018-04-08 00:00:00";106;4689;;4792
"2018-04-09 00:00:00";110;4731;;4841
"2018-04-10 00:00:00";108;4819;;4928
"2018-04-11 00:00:00";108;4816;;4924
"2018-04-12 00:00:00";110;4834;;4944
"2018-04-13 00:00:00";113;4747;;4860
"2018-04-14 00:00:00";114;4841;;4955
"2018-04-15 00:00:00";114;4950;;5064
"2018-04-16 00:00:00";118;5076;;5198
"2018-04-17 00:00:00";122;5113;;5235
"2018-04-18 00:00:00";121;5155;;5277
"2018-04-19 00:00:00";124;5146;;5270
"2018-04-20 00:00:00";122;5264;;5386
"2018-04-21 00:00:00";121;5400;;5521
"2018-04-22 00:00:00";126;5520;;5646
"2018-04-23 00:00:00";128;5638;;5767
"2018-04-24 00:00:00";128;5101;;5229
"2018-04-25 00:00:00";105;5188;;5295
"2018-04-26 00:00:00";105;5204;;5309
"2018-04-27 00:00:00";107;5338;;5445
"2018-04-28 00:00:00";108;5380;;5489
"2018-04-29 00:00:00";111;5660;;5771
"2018-04-30 00:00:00";111;6117;;6228
"2018-05-01 00:00:00";111;6117;;6228
"2018-05-02 00:00:00";111;6117;;6228
"2018-05-03 00:00:00";111;5770;;5881
"2018-05-04 00:00:00";111;5884;;5995
"2018-05-05 00:00:00";113;5887;;6001
"2018-05-06 00:00:00";113;5924;;6036
"2018-05-07 00:00:00";114;6004;;6118
"2018-05-08 00:00:00";117;6084;;6199
"2018-05-09 00:00:00";118;6142;;6260
"2018-05-10 00:00:00";118;6149;;6267
"2018-05-11 00:00:00";117;6205;;6322
"2018-05-12 00:00:00";117;6201;;6318
"2018-05-13 00:00:00";119;6357;;6476
"2018-05-14 00:00:00";120;6562;;6682
"2018-05-15 00:00:00";122;6557;;6679
"2018-05-16 00:00:00";123;6666;;6789
"2018-05-17 00:00:00";124;6710;;6833
"2018-05-18 00:00:00";124;6823;;6947
"2018-05-19 00:00:00";124;6875;;6999
"2018-05-20 00:00:00";124;6882;;7007
"2018-05-21 00:00:00";124;6773;;6897
"2018-05-22 00:00:00";124;6756;;6881
"2018-05-23 00:00:00";130;6895;;7024
"2018-05-24 00:00:00";130;7014;;7144
"2018-05-25 00:00:00";130;7049;;7179
"2018-05-26 00:00:00";131;7019;;7150
"2018-05-27 00:00:00";128;6864;;6992
"2018-05-28 00:00:00";128;6859;;6987
"2018-05-29 00:00:00";126;6870;;6996
"2018-05-30 00:00:00";123;6876;;6999
"2018-05-31 00:00:00";125;6966;;7091
"2018-06-01 00:00:00";132;6979;;7110
"2018-06-02 00:00:00";130;6936;;7066
"2018-06-03 00:00:00";128;6801;;6929
"2018-06-04 00:00:00";128;6774;;6901
"2018-06-05 00:00:00";129;6706;;6835
"2018-06-06 00:00:00";122;5997;;6119
"2018-06-07 00:00:00";124;6947;;7071
"2018-06-08 00:00:00";124;6947;;7071
"2018-06-09 00:00:00";123;6150;;6272
"2018-06-10 00:00:00";121;6112;;6233
"2018-06-11 00:00:00";119;6137;;6258
"2018-06-12 00:00:00";123;5628;;5749
"2018-06-13 00:00:00";128;5730;;5858
"2018-06-14 00:00:00";129;5712;;5841
"2018-06-15 00:00:00";133;5831;;5963
"2018-06-16 00:00:00";143;5750;;5893
"2018-06-17 00:00:00";143;5878;;6020
"2018-06-18 00:00:00";143;5841;;5984
"2018-06-19 00:00:00";147;5868;;6013
"2018-06-20 00:00:00";151;5495;;5646
"2018-06-21 00:00:00";147;5429;;5577
"2018-06-22 00:00:00";149;5428;;5578
"2018-06-23 00:00:00";150;5450;;5601
"2018-06-24 00:00:00";149;5448;;5597
"2018-06-25 00:00:00";149;5327;;5475
"2018-06-26 00:00:00";156;5436;;5592
"2018-06-27 00:00:00";171;5513;;5683
"2018-06-28 00:00:00";195;5664;;5859
"2018-06-29 00:00:00";203;5696;;5898
"2018-06-30 00:00:00";217;5666;;5883
"2018-07-01 00:00:00";215;5727;;5942
"2018-07-02 00:00:00";218;5727;;5943
"2018-07-03 00:00:00";226;5778;;6003
"2018-07-04 00:00:00";227;5763;;5992
"2018-07-05 00:00:00";234;5798;;6032
"2018-07-06 00:00:00";235;5890;;6125
"2018-07-07 00:00:00";248;5997;;6245
"2018-07-08 00:00:00";244;6044;;6288
"2018-07-09 00:00:00";250;6098;;6347
"2018-07-10 00:00:00";249;6084;;6332
"2018-07-11 00:00:00";252;6053;;6305
"2018-07-12 00:00:00";257;6108;;6367
"2018-07-13 00:00:00";265;6260;;6526
"2018-07-14 00:00:00";264;6359;;6623
"2018-07-15 00:00:00";269;6325;;6594
"2018-07-16 00:00:00";273;6315;;6586
"2018-07-17 00:00:00";277;6469;;6743
"2018-07-18 00:00:00";289;6718;;7007
"2018-07-19 00:00:00";298;6820;;7117
"2018-07-20 00:00:00";301;6943;;7244
"2018-07-21 00:00:00";306;7003;;7311
"2018-07-22 00:00:00";310;7065;;7374
"2018-07-23 00:00:00";321;7125;;7443
"2018-07-24 00:00:00";335;7199;;7535
"2018-07-25 00:00:00";347;7212;;7559
"2018-07-26 00:00:00";361;7274;;7635
"2018-07-27 00:00:00";362;7283;;7646
"2018-07-28 00:00:00";366;7450;;7817
"2018-07-29 00:00:00";363;7402;;7762
"2018-07-30 00:00:00";369;7619;;7988
"2018-07-31 00:00:00";372;7698;;8070
"2018-08-01 00:00:00";369;7637;;8002
"2018-08-02 00:00:00";371;7444;;7815
"2018-08-03 00:00:00";368;7373;;7741
"2018-08-04 00:00:00";393;7944;;8335
"2018-08-05 00:00:00";400;7984;;8384
"2018-08-06 00:00:00";401;7930;;8331
"2018-08-07 00:00:00";404;7972;;8376
"2018-08-08 00:00:00";406;7993;;8397
"2018-08-09 00:00:00";399;7953;;8351
"2018-08-10 00:00:00";404;7843;;8246
"2018-08-11 00:00:00";404;7857;;8263
"2018-08-12 00:00:00";417;7864;;8281
"2018-08-13 00:00:00";415;7815;;8231
"2018-08-14 00:00:00";426;7841;;8267
"2018-08-15 00:00:00";428;7832;;8271
"2018-08-16 00:00:00";445;7845;;8289
"2018-08-17 00:00:00";443;7896;;8337
"2018-08-18 00:00:00";442;7999;;8442
"2018-08-19 00:00:00";459;8009;;8467
"2018-08-20 00:00:00";467;8016;;8483
"2018-08-21 00:00:00";486;7840;;8326
"2018-08-22 00:00:00";495;8038;;8533
"2018-08-23 00:00:00";492;8039;;8531
"2018-08-24 00:00:00";496;8088;;8583
"2018-08-25 00:00:00";495;8045;;8540
"2018-08-26 00:00:00";514;8114;;8625
"2018-08-27 00:00:00";516;8054;;8568
"2018-08-28 00:00:00";524;8071;;8597
"2018-08-29 00:00:00";530;8063;;8593
"2018-08-30 00:00:00";535;8218;;8755
"2018-08-31 00:00:00";540;8214;;8753
"2018-09-01 00:00:00";557;8259;;8816
"2018-09-02 00:00:00";555;8274;;8832
"2018-09-03 00:00:00";549;8352;;8901
"2018-09-04 00:00:00";549;8434;;8983
"2018-09-05 00:00:00";554;8419;;8973
"2018-09-06 00:00:00";558;8451;;9010
"2018-09-07 00:00:00";562;8352;;8916
"2018-09-08 00:00:00";564;8415;;8979
"2018-09-09 00:00:00";564;8415;;8979
"2018-09-10 00:00:00";617;8568;;9185
"2018-09-11 00:00:00";608;8609;;9216
"2018-09-12 00:00:00";610;8645;;9256
"2018-09-13 00:00:00";616;8651;;9269
"2018-09-14 00:00:00";614;8682;;9296
"2018-09-15 00:00:00";616;8641;;9257
"2018-09-16 00:00:00";613;8593;;9205
"2018-09-17 00:00:00";613;8590;;9203
"2018-09-18 00:00:00";610;8551;;9161
"2018-09-19 00:00:00";601;8081;;8682
"2018-09-20 00:00:00";597;8064;;8660
"2018-09-21 00:00:00";597;7971;;8568
"2018-09-22 00:00:00";595;8033;;8630
"2018-09-23 00:00:00";607;8066;;8672
"2018-09-24 00:00:00";614;8127;;8741
"2018-09-25 00:00:00";593;8114;;8707
"2018-09-26 00:00:00";587;8101;;8688
"2018-09-27 00:00:00";552;8101;;8653
"2018-09-28 00:00:00";565;8162;;8726
"2018-09-29 00:00:00";568;8166;;8734
"2018-09-30 00:00:00";567;8176;;8743
"2018-10-01 00:00:00";570;8205;;8774
"2018-10-02 00:00:00";574;8404;;8978
"2018-10-03 00:00:00";568;8395;;8962
"2018-10-04 00:00:00";564;8392;;8956
"2018-10-05 00:00:00";561;8473;;9034
"2018-10-06 00:00:00";561;8473;;9034
"2018-10-07 00:00:00";561;8473;;9034
"2018-10-08 00:00:00";561;8473;;9034
"2018-10-09 00:00:00";561;8473;;9034
"2018-10-10 00:00:00";561;8473;;9034
"2018-10-11 00:00:00";561;8473;;9034
"2018-10-12 00:00:00";554;8565;;9118
"2018-10-13 00:00:00";554;8624;;9178
"2018-10-14 00:00:00";558;8583;;9141
"2018-10-15 00:00:00";550;8539;;9089
"2018-10-16 00:00:00";542;8491;;9033
"2018-10-17 00:00:00";536;8464;;9000
"2018-10-18 00:00:00";529;8400;;8929
"2018-10-19 00:00:00";523;8404;;8927
"2018-10-20 00:00:00";537;8478;;9015
"2018-10-21 00:00:00";541;8526;;9067
"2018-10-22 00:00:00";534;8604;;9138
"2018-10-23 00:00:00";534;8535;;9070
"2018-10-24 00:00:00";538;8543;;9081
"2018-10-25 00:00:00";540;8520;;9057
"2018-10-26 00:00:00";541;8509;;9050
"2018-10-27 00:00:00";541;8492;;9033
"2018-10-28 00:00:00";543;8501;;9045
"2018-10-29 00:00:00";539;8522;;9063
"2018-10-30 00:00:00";533;8527;;9057
"2018-10-31 00:00:00";515;8512;;9027
"2018-11-01 00:00:00";511;8542;;9053
"2018-11-02 00:00:00";508;8548;;9056
"2018-11-03 00:00:00";511;8559;;9070
"2018-11-04 00:00:00";510;8610;;9117
"2018-11-05 00:00:00";512;8660;;9172
"2018-11-06 00:00:00";507;8629;;9139
"2018-11-07 00:00:00";504;8626;;9125
"2018-11-08 00:00:00";507;8717;;9225
"2018-11-09 00:00:00";506;8690;;9198
"2018-11-10 00:00:00";497;8660;;9158
"2018-11-11 00:00:00";502;8799;;9299
"2018-11-12 00:00:00";504;8806;;9308
"2018-11-13 00:00:00";506;8833;;9343
"2018-11-14 00:00:00";518;8916;;9432
"2018-11-15 00:00:00";523;8982;;9505
"2018-11-16 00:00:00";525;9170;;9695
"2018-11-17 00:00:00";552;10502;;11054
"2018-11-18 00:00:00";557;10864;;11421
"2018-11-19 00:00:00";560;10947;;11508
"2018-11-20 00:00:00";560;11312;;11872
"2018-11-21 00:00:00";560;11312;;11872
"2018-11-22 00:00:00";588;11646;;12235
"2018-11-23 00:00:00";601;11810;;12410
"2018-11-24 00:00:00";606;11851;;12457
"2018-11-25 00:00:00";608;11970;;12577
"2018-11-26 00:00:00";614;11951;;12565
"2018-11-27 00:00:00";627;12184;;12811
"2018-11-28 00:00:00";647;12146;;12788
"2018-11-29 00:00:00";642;12136;;12778
"2018-11-30 00:00:00";602;12057;;12659
"2018-12-01 00:00:00";587;12003;;12590
"2018-12-02 00:00:00";600;12105;;12704
"2018-12-03 00:00:00";606;12118;;12724
"2018-12-04 00:00:00";606;12121;;12725
"2018-12-05 00:00:00";606;12162;;12768
"2018-12-06 00:00:00";609;12312;;12922
"2018-12-07 00:00:00";613;12389;;13002
"2018-12-08 00:00:00";620;12350;;12970
"2018-12-09 00:00:00";643;12433;;13068
"2018-12-10 00:00:00";651;12470;;13122
"2018-12-11 00:00:00";660;12544;;13204
"2018-12-12 00:00:00";667;12674;;13339
"2018-12-13 00:00:00";676;12753;;13430
"2018-12-14 00:00:00";683;12826;;13508
"2018-12-15 00:00:00";695;12965;;13658
"2018-12-16 00:00:00";714;13208;;13925
"2018-12-17 00:00:00";723;13320;;14043
"2018-12-18 00:00:00";750;13440;;14191
"2018-12-19 00:00:00";754;13709;;14464
"2018-12-20 00:00:00";765;13964;;14733
"2018-12-21 00:00:00";776;14084;;14861
"2018-12-22 00:00:00";782;14233;;15016
"2018-12-23 00:00:00";796;14352;;15150
"2018-12-24 00:00:00";800;14471;;15271
"2018-12-25 00:00:00";813;14662;;15475
"2018-12-26 00:00:00";813;14662;;15475
"2018-12-27 00:00:00";813;14662;;15475
"2018-12-28 00:00:00";813;14662;;15475
"2018-12-29 00:00:00";813;14662;;15475
"2018-12-30 00:00:00";813;14662;;15475
"2018-12-31 00:00:00";813;14662;;15475
"2019-01-01 00:00:00";933;15939;;16878
"2019-01-02 00:00:00";942;16217;;17151
"2019-01-03 00:00:00";984;16566;;17547
"2019-01-04 00:00:00";1030;16770;;17792
"2019-01-05 00:00:00";1078;17021;;18099
"2019-01-06 00:00:00";1123;17370;;18493
"2019-01-07 00:00:00";1173;17594;;18774
"2019-01-08 00:00:00";1200;17714;;18918
"2019-01-09 00:00:00";1201;17717;;18918
"2019-01-10 00:00:00";1213;17913;;19126
"2019-01-11 00:00:00";1253;18043;;19291
"2019-01-12 00:00:00";1287;18175;;19462
"2019-01-13 00:00:00";1317;18355;;19667
"2019-01-14 00:00:00";1334;18436;;19769
"2019-01-15 00:00:00";1288;18109;;19398
"2019-01-16 00:00:00";1302;18482;;19786
"2019-01-17 00:00:00";1288;18363;;19651
"2019-01-18 00:00:00";1281;18203;;19484
"2019-01-19 00:00:00";1266;18125;;19391
"2019-01-20 00:00:00";1388;19490;;20868
"2019-01-21 00:00:00";1374;19477;;20857
"2019-01-22 00:00:00";1388;19776;;21165
"2019-01-23 00:00:00";1410;20187;;21601
"2019-01-24 00:00:00";1419;20229;;21648
"2019-01-25 00:00:00";1453;20763;;22219
"2019-01-26 00:00:00";1460;20567;;22026
"2019-01-27 00:00:00";1503;20719;;22220
"2019-01-28 00:00:00";1516;20746;;22262
"2019-01-29 00:00:00";1506;20816;;22321
"2019-01-30 00:00:00";1516;21262;;22772
"2019-01-31 00:00:00";1541;21419;;22945
"2019-02-01 00:00:00";1560;21094;;22654
"2019-02-02 00:00:00";1558;21177;;22735
"2019-02-03 00:00:00";1585;21217;;22803
"2019-02-04 00:00:00";1613;21413;;23026
"2019-02-05 00:00:00";1646;21570;;23217
"2019-02-06 00:00:00";1704;21792;;23496
"2019-02-07 00:00:00";1754;22034;;23793
"2019-02-08 00:00:00";1787;22148;;23934
"2019-02-09 00:00:00";1802;22663;;24465
"2019-02-10 00:00:00";1825;22821;;24649
"2019-02-11 00:00:00";1784;22740;;24526
"2019-02-12 00:00:00";1775;22912;;24684
"2019-02-13 00:00:00";1796;23083;;24879
"2019-02-14 00:00:00";1789;24228;;26069
"2019-02-15 00:00:00";1812;25004;;26818
"2019-02-16 00:00:00";1824;25281;;27122
"2019-02-17 00:00:00";1897;25582;;27479
"2019-02-18 00:00:00";2012;25855;;27867
"2019-02-19 00:00:00";2125;26037;;28163
"2019-02-20 00:00:00";2240;26360;;28599
"2019-02-21 00:00:00";2280;26743;;29031
"2019-02-22 00:00:00";2435;27104;;29539
"2019-02-23 00:00:00";2470;27420;;29879
"2019-02-24 00:00:00";2482;27736;;30215
"2019-02-25 00:00:00";2483;27977;;30462
"2019-02-26 00:00:00";2494;28033;;30509
"2019-02-27 00:00:00";2494;27932;;30422
"2019-02-28 00:00:00";2482;27899;;30403
"2019-03-01 00:00:00";2511;28186;;30695
"2019-03-02 00:00:00";2540;28466;;31010
"2019-03-03 00:00:00";2571;28659;;31219
"2019-03-04 00:00:00";2546;28672;;31218
"2019-03-05 00:00:00";2764;29871;;32635
"2019-03-06 00:00:00";2746;29086;;31833
"2019-03-07 00:00:00";2921;30064;;32863
"2019-03-08 00:00:00";3111;31342;;34450
"2019-03-09 00:00:00";3127;31672;;34799
"2019-03-10 00:00:00";3174;32290;;35464
"2019-03-11 00:00:00";3200;32623;;35823
"2019-03-12 00:00:00";3031;32264;;35295
"2019-03-13 00:00:00";3233;33995;;37228
"2019-03-14 00:00:00";3189;34399;;37588
"2019-03-15 00:00:00";3238;34885;;38124
"2019-03-16 00:00:00";3532;35510;;39049
"2019-03-17 00:00:00";3799;36506;;40319
"2019-03-18 00:00:00";3738;36486;;40227
"2019-03-19 00:00:00";3710;36266;;39977
"2019-03-20 00:00:00";3761;36213;;39976
"2019-03-21 00:00:00";3768;36249;;40018
"2019-03-22 00:00:00";3757;36297;;40046
"2019-03-23 00:00:00";3744;36240;;39986
"2019-03-24 00:00:00";3714;36074;;39787
"2019-03-25 00:00:00";3698;36010;;39710
"2019-03-26 00:00:00";3691;35834;;39528
"2019-03-27 00:00:00";3682;35793;;39476
"2019-03-28 00:00:00";3676;35735;;39411
"2019-03-29 00:00:00";3659;35552;;39210
"2019-03-30 00:00:00";3646;35493;;39141
"2019-03-31 00:00:00";3677;35627;;39304
"2019-04-01 00:00:00";3679;35626;;39303
"2019-04-02 00:00:00";3681;35626;;39307
"2019-04-03 00:00:00";3718;35591;;39316
"2019-04-04 00:00:00";3687;35351;;39038
"2019-04-05 00:00:00";3687;35325;;39014
"2019-04-06 00:00:00";3731;35439;;39173
"2019-04-07 00:00:00";3731;35512;;39246
"2019-04-08 00:00:00";3736;35538;;39274
"2019-04-09 00:00:00";3753;35378;;39128
"2019-04-10 00:00:00";3763;35341;;39098
"2019-04-11 00:00:00";3783;35540;;39323
"2019-04-12 00:00:00";3779;35532;;39312
"2019-04-13 00:00:00";3754;35381;;39133
"2019-04-14 00:00:00";3747;35356;;39101
"2019-04-15 00:00:00";3744;35303;;39047
"2019-04-16 00:00:00";3744;35163;;38907
"2019-04-17 00:00:00";3736;35062;;38796
"2019-04-18 00:00:00";3738;34993;;38728
"2019-04-19 00:00:00";3753;34982;;38739
"2019-04-20 00:00:00";3794;34973;;38766
"2019-04-21 00:00:00";3816;34902;;38719
"2019-04-22 00:00:00";3580;34928;;38509
"2019-04-23 00:00:00";3536;34701;;38235
"2019-04-24 00:00:00";3553;34709;;38248
"2019-04-25 00:00:00";3594;34849;;38441
"2019-04-26 00:00:00";3597;34903;;38498
"2019-04-27 00:00:00";3557;34941;;38500
"2019-04-28 00:00:00";3546;34925;;38474
"2019-04-29 00:00:00";3552;34964;;38516
"2019-04-30 00:00:00";3499;34677;;38194
"2019-05-01 00:00:00";3487;35682;;39159
"2019-05-02 00:00:00";3525;35441;;38968
"2019-05-03 00:00:00";3530;35421;;38951
"2019-05-04 00:00:00";3521;35295;;38815
"2019-05-05 00:00:00";3509;35184;;38694
"2019-05-06 00:00:00";3467;35276;;38749
"2019-05-07 00:00:00";3445;35296;;38753
"2019-05-08 00:00:00";3449;35335;;38786
"2019-05-09 00:00:00";3461;35322;;38784
"2019-05-10 00:00:00";3440;35148;;38589
"2019-05-11 00:00:00";3437;35162;;38599
"2019-05-12 00:00:00";3428;34871;;38301
"2019-05-13 00:00:00";3375;34847;;38224
"2019-05-14 00:00:00";3357;34231;;37590
"2019-05-15 00:00:00";3367;34240;;37605
"2019-05-16 00:00:00";3392;34207;;37596
"2019-05-17 00:00:00";3391;34249;;37640
"2019-05-18 00:00:00";3390;34287;;37682
"2019-05-19 00:00:00";3379;34249;;37625
"2019-05-20 00:00:00";3377;34302;;37679
"2019-05-21 00:00:00";3274;33647;;36920
"2019-05-22 00:00:00";3282;33701;;36983
"2019-05-23 00:00:00";3292;33685;;36978
"2019-05-24 00:00:00";3291;33685;;36971
"2019-05-25 00:00:00";3302;33662;;36963
"2019-05-26 00:00:00";3302;33662;;36963
"2019-05-27 00:00:00";3296;33662;;36957
"2019-05-28 00:00:00";3301;33670;;36971
"2019-05-29 00:00:00";3223;33202;;36425
"2019-05-30 00:00:00";3228;32923;;36152
"2019-05-31 00:00:00";3231;32966;;36197
"2019-06-01 00:00:00";3247;32986;;36233
"2019-06-02 00:00:00";3257;32995;;36252
"2019-06-03 00:00:00";3259;32978;;36238
"2019-06-04 00:00:00";3260;32949;;36208
"2019-06-05 00:00:00";3265;32947;;36216
"2019-06-06 00:00:00";3268;31996;;35265
"2019-06-07 00:00:00";3283;32004;;35286
"2019-06-08 00:00:00";3354;32024;;35379
"2019-06-09 00:00:00";3351;32041;;35391
"2019-06-10 00:00:00";3347;31801;;35146
"2019-06-11 00:00:00";3351;31790;;35141
"2019-06-12 00:00:00";3356;31808;;35164
"2019-06-13 00:00:00";3362;31719;;35081
"2019-06-14 00:00:00";3374;31749;;35124
"2019-06-15 00:00:00";3380;31743;;35122
"2019-06-16 00:00:00";3399;31747;;35148
"2019-06-17 00:00:00";3401;31739;;35141
"2019-06-18 00:00:00";3372;31612;;34983
"2019-06-19 00:00:00";3369;31684;;35048
"2019-06-20 00:00:00";3416;31697;;35112
"2019-06-21 00:00:00";3416;31662;;35078
"2019-06-22 00:00:00";3412;31591;;35002
"2019-06-23 00:00:00";3402;31566;;34972
"2019-06-24 00:00:00";3399;31646;;35039
"2019-06-25 00:00:00";3403;31593;;35010
"2019-06-26 00:00:00";3484;31568;;35054
"2019-06-27 00:00:00";3508;31512;;35018
"2019-06-28 00:00:00";3508;31438;;34946
"2019-06-29 00:00:00";3495;31407;;34902
"2019-06-30 00:00:00";3495;31273;;34770
"2019-07-01 00:00:00";3515;31277;;34788
"2019-07-02 00:00:00";3535;31234;;34766
"2019-07-03 00:00:00";3526;31174;;34700
"2019-07-04 00:00:00";3524;31093;;34617
"2019-07-05 00:00:00";3527;31131;;34655
"2019-07-06 00:00:00";3543;31210;;34753
"2019-07-07 00:00:00";3546;31232;;34779
"2019-07-08 00:00:00";3554;31263;;34817
"2019-07-09 00:00:00";3557;31286;;34842
"2019-07-10 00:00:00";3561;31228;;34790
"2019-07-11 00:00:00";3501;30016;;33515
"2019-07-12 00:00:00";3499;30018;;33517
"2019-07-13 00:00:00";3503;30023;;33527
"2019-07-14 00:00:00";3503;30013;;33517
"2019-07-15 00:00:00";3503;30018;;33518
"2019-07-16 00:00:00";3508;30045;;33553
"2019-07-17 00:00:00";3590;29495;;33086
"2019-07-18 00:00:00";3601;29505;;33105
"2019-07-19 00:00:00";3605;29531;;33138
"2019-07-20 00:00:00";3619;29621;;33240
"2019-07-21 00:00:00";3630;29471;;33098
"2019-07-22 00:00:00";3631;29532;;33161
"2019-07-23 00:00:00";3638;29435;;33071
"2019-07-24 00:00:00";3642;29427;;33069
"2019-07-25 00:00:00";3642;29286;;32928
"2019-07-26 00:00:00";3657;29303;;32960
"2019-07-27 00:00:00";3663;29305;;32968
"2019-07-28 00:00:00";3672;29315;;32986
"2019-07-29 00:00:00";3678;29331;;33008
"2019-07-30 00:00:00";3672;29281;;32953
"2019-07-31 00:00:00";3679;29293;;32972
"2019-08-01 00:00:00";3665;28041;;31704
"2019-08-02 00:00:00";3661;28110;;31770
"2019-08-03 00:00:00";3665;28128;;31792
"2019-08-04 00:00:00";3679;28187;;31866
"2019-08-05 00:00:00";3687;28252;;31943
"2019-08-06 00:00:00";3689;28268;;31952
"2019-08-07 00:00:00";3703;28180;;31882
"2019-08-08 00:00:00";3704;28170;;31872
"2019-08-09 00:00:00";3711;28208;;31920
"2019-08-10 00:00:00";3713;28199;;31912
"2019-08-11 00:00:00";3717;28240;;31958
"2019-08-12 00:00:00";3706;28177;;31879
"2019-08-13 00:00:00";3702;28190;;31896
"2019-08-14 00:00:00";3706;28182;;31889
"2019-08-15 00:00:00";3701;28267;;31968
"2019-08-16 00:00:00";3708;28277;;31984
"2019-08-17 00:00:00";3710;28347;;32057
"2019-08-18 00:00:00";3708;28390;;32098
"2019-08-19 00:00:00";3708;28392;;32100
"2019-08-20 00:00:00";3707;28384;;32091
"2019-08-21 00:00:00";3707;28378;;32085
"2019-08-22 00:00:00";3724;28474;;32198
"2019-08-23 00:00:00";3721;28506;;32229
"2019-08-24 00:00:00";3725;28532;;32254
"2019-08-25 00:00:00";3688;28352;;32039
"2019-08-26 00:00:00";3682;28369;;32048
"2019-08-27 00:00:00";3702;28386;;32089
"2019-08-28 00:00:00";3711;28423;;32134
"2019-08-29 00:00:00";3708;28322;;32030
"2019-08-30 00:00:00";3760;28307;;32056
"2019-08-31 00:00:00";3800;28265;;32063
"2019-09-01 00:00:00";3801;28246;;32043
"2019-09-02 00:00:00";3782;28084;;31866
"2019-09-03 00:00:00";3797;28076;;31871
"2019-09-04 00:00:00";3800;28208;;32008
"2019-09-05 00:00:00";3804;28143;;31946
"2019-09-06 00:00:00";3733;28234;;31969
"2019-09-07 00:00:00";3743;28423;;32164
"2019-09-08 00:00:00";3741;28485;;32226
"2019-09-09 00:00:00";3755;28573;;32327
"2019-09-10 00:00:00";3751;28546;;32297
"2019-09-11 00:00:00";3708;28444;;32154
"2019-09-12 00:00:00";3693;28311;;32002
"2019-09-13 00:00:00";3689;28176;;31865
"2019-09-14 00:00:00";3537;28120;;31669
"2019-09-15 00:00:00";3541;28125;;31666
"2019-09-16 00:00:00";3550;28111;;31662
"2019-09-17 00:00:00";3554;28144;;31696
"2019-09-18 00:00:00";3551;28204;;31755
"2019-09-19 00:00:00";3548;28221;;31769
"2019-09-20 00:00:00";3543;28328;;31870
"2019-09-21 00:00:00";3545;28385;;31930
"2019-09-22 00:00:00";3549;28327;;31876
"2019-09-23 00:00:00";3547;28358;;31905
"2019-09-24 00:00:00";3560;28329;;31890
"2019-09-25 00:00:00";3573;28452;;32026
"2019-09-26 00:00:00";3573;28471;;32045
"2019-09-27 00:00:00";3574;28455;;32030
"2019-09-28 00:00:00";3569;28406;;31974
"2019-09-29 00:00:00";3496;27987;;31485
"2019-09-30 00:00:00";3485;27887;;31371
"2019-10-01 00:00:00";3483;27837;;31316
"2019-10-02 00:00:00";3459;27643;;31100
"2019-10-03 00:00:00";3459;27661;;31121
"2019-10-04 00:00:00";3449;27667;;31113
"2019-10-05 00:00:00";3453;27682;;31137
"2019-10-06 00:00:00";3451;27644;;31095
"2019-10-07 00:00:00";3450;27578;;31024
"2019-10-08 00:00:00";3468;27605;;31073
"2019-10-09 00:00:00";3472;27631;;31103
"2019-10-10 00:00:00";3464;27625;;31089
"2019-10-11 00:00:00";3474;27608;;31080
"2019-10-12 00:00:00";3478;27608;;31087
"2019-10-13 00:00:00";3481;27592;;31073
"2019-10-14 00:00:00";3478;27600;;31079
"2019-10-15 00:00:00";3474;27641;;31110
"2019-10-16 00:00:00";3464;27669;;31132
"2019-10-17 00:00:00";3427;27647;;31074
"2019-10-18 00:00:00";3414;27645;;31059
"2019-10-19 00:00:00";3417;27689;;31105
"2019-10-20 00:00:00";3419;27776;;31195
"2019-10-21 00:00:00";3423;27864;;31289
"2019-10-22 00:00:00";3414;27858;;31272
"2019-10-23 00:00:00";3467;27903;;31372
"2019-10-24 00:00:00";3461;27865;;31326
"2019-10-25 00:00:00";3463;27860;;31324
"2019-10-26 00:00:00";3451;27831;;31281
"2019-10-27 00:00:00";3447;27783;;31228
"2019-10-28 00:00:00";3451;27782;;31231
"2019-10-29 00:00:00";3453;27784;;31239
"2019-10-30 00:00:00";3445;27752;;31196
"2019-10-31 00:00:00";3437;27733;;31171
"2019-11-01 00:00:00";3427;27730;;31158
"2019-11-02 00:00:00";3425;27732;;31156
"2019-11-03 00:00:00";3421;27747;;31169
"2019-11-04 00:00:00";3414;27712;;31126
"2019-11-05 00:00:00";3403;27637;;31040
"2019-11-06 00:00:00";3392;27470;;30860
"2019-11-07 00:00:00";3398;27423;;30821
"2019-11-08 00:00:00";3399;27448;;30847
"2019-11-09 00:00:00";3398;27428;;30825
"2019-11-10 00:00:00";3416;27420;;30833
"2019-11-11 00:00:00";3415;27415;;30829
"2019-11-12 00:00:00";3411;27427;;30839
"2019-11-13 00:00:00";3401;27408;;30811
"2019-11-14 00:00:00";3371;27388;;30767
"2019-11-15 00:00:00";3361;27389;;30750
"2019-11-16 00:00:00";3363;27418;;30781
"2019-11-17 00:00:00";3358;27422;;30781
"2019-11-18 00:00:00";3372;27478;;30853
"2019-11-19 00:00:00";3385;27479;;30864
"2019-11-20 00:00:00";3390;27620;;31009
"2019-11-21 00:00:00";3383;27675;;31059
"2019-11-22 00:00:00";3382;27630;;31011
"2019-11-23 00:00:00";3383;27730;;31114
"2019-11-24 00:00:00";3380;27735;;31116
"2019-11-25 00:00:00";3365;27731;;31095
"2019-11-26 00:00:00";3359;27711;;31070
"2019-11-27 00:00:00";3361;27770;;31133
"2019-11-28 00:00:00";3363;27802;;31164
"2019-11-29 00:00:00";3359;27755;;31112
"2019-11-30 00:00:00";3357;27721;;31078
"2019-12-01 00:00:00";3366;27728;;31094
"2019-12-02 00:00:00";3366;27730;;31096
"2019-12-03 00:00:00";3384;27761;;31142
"2019-12-04 00:00:00";3388;27760;;31149
"2019-12-05 00:00:00";3391;27770;;31161
"2019-12-06 00:00:00";3399;27706;;31102
"2019-12-07 00:00:00";3408;27747;;31152
"2019-12-08 00:00:00";3413;27750;;31163
"2019-12-09 00:00:00";3398;27581;;30979
"2019-12-10 00:00:00";3404;27536;;30942
"2019-12-11 00:00:00";3416;27579;;30996
"2019-12-12 00:00:00";3415;27599;;31013
"2019-12-13 00:00:00";3426;27636;;31065
"2019-12-14 00:00:00";3435;27678;;31112
"2019-12-15 00:00:00";3439;27666;;31107
"2019-12-16 00:00:00";3414;27506;;30921
"2019-12-17 00:00:00";3417;27544;;30962
"2019-12-18 00:00:00";3421;27583;;31004
"2019-12-19 00:00:00";3426;27642;;31068
"2019-12-20 00:00:00";3426;27653;;31081
"2019-12-21 00:00:00";3427;27719;;31146
"2019-12-22 00:00:00";3421;27723;;31139
"2019-12-23 00:00:00";3428;27727;;31154
"2019-12-24 00:00:00";3438;27732;;31170
"2019-12-25 00:00:00";3444;27760;;31202
"2019-12-26 00:00:00";3444;27800;;31245
"2019-12-27 00:00:00";3444;27832;;31275
"2019-12-28 00:00:00";3449;27809;;31257
"2019-12-29 00:00:00";3453;27799;;31251
"2019-12-30 00:00:00";3450;27822;;31273
"2019-12-31 00:00:00";3458;27900;;31351
"2020-01-01 00:00:00";3451;27929;;31380
"2020-01-02 00:00:00";3444;27949;;31397
"2020-01-03 00:00:00";3442;27973;;31415
"2020-01-04 00:00:00";3447;27993;;31438
"2020-01-05 00:00:00";3445;28021;;31467
"2020-01-06 00:00:00";3447;28060;;31507
"2020-01-07 00:00:00";3455;28049;;31499
"2020-01-08 00:00:00";3455;28071;;31526
"2020-01-09 00:00:00";3460;28086;;31546
"2020-01-10 00:00:00";3464;28137;;31603
"2020-01-11 00:00:00";3463;28189;;31652
"2020-01-12 00:00:00";3463;28250;;31714
"2020-01-13 00:00:00";3469;28272;;31741
"2020-01-14 00:00:00";3467;28173;;31640
"2020-01-15 00:00:00";3469;28178;;31646
"2020-01-16 00:00:00";3467;28182;;31650
"2020-01-17 00:00:00";3469;28181;;31651
"2020-01-18 00:00:00";3497;28177;;31668
"2020-01-19 00:00:00";3495;28152;;31650
"2020-01-20 00:00:00";3515;28211;;31726
"2020-01-21 00:00:00";3530;28289;;31818
"2020-01-22 00:00:00";3542;28314;;31859
"2020-01-23 00:00:00";3552;28367;;31921
"2020-01-24 00:00:00";3554;28381;;31937
"2020-01-25 00:00:00";3562;28385;;31949
"2020-01-26 00:00:00";3558;28454;;32012
"2020-01-27 00:00:00";3555;28392;;31946
"2020-01-28 00:00:00";3563;28417;;31980
"2020-01-29 00:00:00";3540;28432;;31972
"2020-01-30 00:00:00";3523;28466;;31989
"2020-01-31 00:00:00";3526;28468;;31993
"2020-02-01 00:00:00";3523;28474;;31998
"2020-02-02 00:00:00";3538;28501;;32043
"2020-02-03 00:00:00";3544;28531;;32077
"2020-02-04 00:00:00";3533;28481;;32013
"2020-02-05 00:00:00";3527;28458;;31985
"2020-02-06 00:00:00";3515;28493;;32006
"2020-02-07 00:00:00";3509;28566;;32076
"2020-02-08 00:00:00";3395;28698;;32097
"2020-02-09 00:00:00";3396;28756;;32157
"2020-02-10 00:00:00";3389;28739;;32131
"2020-02-11 00:00:00";3391;28635;;32021
"2020-02-12 00:00:00";3415;28520;;31939
"2020-02-13 00:00:00";3366;28459;;31831
"2020-02-14 00:00:00";3386;28597;;31982
"2020-02-15 00:00:00";3383;28653;;32036
"2020-02-16 00:00:00";3385;28715;;32099
"2020-02-17 00:00:00";3412;28798;;32209
"2020-02-18 00:00:00";3441;28872;;32313
"2020-02-19 00:00:00";3447;28893;;32339
"2020-02-20 00:00:00";3454;28900;;32355
"2020-02-21 00:00:00";3454;28884;;32337
"2020-02-22 00:00:00";3417;28872;;32290
"2020-02-23 00:00:00";3419;28915;;32336
"2020-02-24 00:00:00";3417;28918;;32335
"2020-02-25 00:00:00";3429;28954;;32381
"2020-02-26 00:00:00";3420;28846;;32266
"2020-02-27 00:00:00";3426;28841;;32266
"2020-02-28 00:00:00";3439;28844;;32283
"2020-02-29 00:00:00";3446;28844;;32290
"2020-03-01 00:00:00";3452;28812;;32269
"2020-03-02 00:00:00";3448;28629;;32077
"2020-03-03 00:00:00";3449;28602;;32054
"2020-03-04 00:00:00";3477;28633;;32110
"2020-03-05 00:00:00";3476;28627;;32103
"2020-03-06 00:00:00";3467;28637;;32103
"2020-03-07 00:00:00";3314;28630;;31946
"2020-03-08 00:00:00";3309;28616;;31923
"2020-03-09 00:00:00";3318;28714;;32032
"2020-03-10 00:00:00";3326;28712;;32038
"2020-03-11 00:00:00";3327;28686;;32013
"2020-03-12 00:00:00";3312;28694;;32003
"2020-03-13 00:00:00";3319;28642;;31958
"2020-03-14 00:00:00";3344;28635;;31977
"2020-03-15 00:00:00";3360;28637;;31999
"2020-03-16 00:00:00";3215;28637;;31854
"2020-03-17 00:00:00";3211;28625;;31835
"2020-03-18 00:00:00";3227;28618;;31842
"2020-03-19 00:00:00";3230;28637;;31868
"2020-03-20 00:00:00";3237;28665;;31902
"2020-03-21 00:00:00";3245;28734;;31980
"2020-03-22 00:00:00";3288;28629;;31928
"2020-03-23 00:00:00";3324;28637;;31962
"2020-03-24 00:00:00";3333;28707;;32040
"2020-03-25 00:00:00";3331;28708;;32040
"2020-03-26 00:00:00";3346;28756;;32102
"2020-03-27 00:00:00";3356;28769;;32128
"2020-03-28 00:00:00";3376;28768;;32139
"2020-03-29 00:00:00";3396;28781;;32176
"2020-03-30 00:00:00";3402;28769;;32172
"2020-03-31 00:00:00";3394;28794;;32190
"2020-04-01 00:00:00";3407;28821;;32227
"2020-04-02 00:00:00";3414;28848;;32262
"2020-04-03 00:00:00";3419;28864;;32283
"2020-04-04 00:00:00";3424;28857;;32281
"2020-04-05 00:00:00";3434;28891;;32325
"2020-04-06 00:00:00";3407;28877;;32285
"2020-04-07 00:00:00";3414;28900;;32315
"2020-04-08 00:00:00";3414;28954;;32364
"2020-04-09 00:00:00";3421;28950;;32372
"2020-04-10 00:00:00";3418;28947;;32365
"2020-04-11 00:00:00";3420;28979;;32398
"2020-04-12 00:00:00";3423;28991;;32414
"2020-04-13 00:00:00";3427;29007;;32432
"2020-04-14 00:00:00";3433;28915;;32351
"2020-04-15 00:00:00";3426;28892;;32316
"2020-04-16 00:00:00";3423;28921;;32346
"2020-04-17 00:00:00";3441;28910;;32347
"2020-04-18 00:00:00";3445;28904;;32348
"2020-04-19 00:00:00";3459;28929;;32389
"2020-04-20 00:00:00";3463;29029;;32491
"2020-04-21 00:00:00";3438;29036;;32476
"2020-04-22 00:00:00";3441;29029;;32470
"2020-04-23 00:00:00";3435;28952;;32389
"2020-04-24 00:00:00";3443;28984;;32425
"2020-04-25 00:00:00";3459;28960;;32420
"2020-04-26 00:00:00";3474;28950;;32422
"2020-04-27 00:00:00";3455;28928;;32382
"2020-04-28 00:00:00";3458;28951;;32409
"2020-04-29 00:00:00";3446;28899;;32346
"2020-04-30 00:00:00";3442;28859;;32302
"2020-05-01 00:00:00";3441;28894;;32336
"2020-05-02 00:00:00";3437;28835;;32275
"2020-05-03 00:00:00";3433;28787;;32216
"2020-05-04 00:00:00";3406;28701;;32104
"2020-05-05 00:00:00";3413;28683;;32098
"2020-05-06 00:00:00";3431;28712;;32142
"2020-05-07 00:00:00";3418;28727;;32144
"2020-05-08 00:00:00";3416;28734;;32151
"2020-05-09 00:00:00";3411;28729;;32140
"2020-05-10 00:00:00";3411;28632;;32045
"2020-05-11 00:00:00";3416;28641;;32056
"2020-05-12 00:00:00";3420;28626;;32046
"2020-05-13 00:00:00";3417;28623;;32040
"2020-05-14 00:00:00";3391;28416;;31807
"2020-05-15 00:00:00";3372;28337;;31715
"2020-05-16 00:00:00";3339;28207;;31548
"2020-05-17 00:00:00";3344;28214;;31558
"2020-05-18 00:00:00";3349;28255;;31605
"2020-05-19 00:00:00";3314;28147;;31462
"2020-05-20 00:00:00";3319;28146;;31465
"2020-05-21 00:00:00";3293;28149;;31441
"2020-05-22 00:00:00";3294;28140;;31433
"2020-05-23 00:00:00";3282;28166;;31441
"2020-05-24 00:00:00";3283;28211;;31494
"2020-05-25 00:00:00";3299;28257;;31556
"2020-05-26 00:00:00";3317;28255;;31569
"2020-05-27 00:00:00";3326;28196;;31519
"2020-05-28 00:00:00";3345;28293;;31635
"2020-05-29 00:00:00";3333;28358;;31691
"2020-05-30 00:00:00";3340;28452;;31795
"2020-05-31 00:00:00";3361;28579;;31942
"2020-06-01 00:00:00";3378;28619;;31997
"2020-06-02 00:00:00";3384;28808;;32192
"2020-06-03 00:00:00";3389;28815;;32205
"2020-06-04 00:00:00";3373;28869;;32241
"2020-06-05 00:00:00";3378;28836;;32213
"2020-06-06 00:00:00";3384;28831;;32216
"2020-06-07 00:00:00";3390;28901;;32291
"2020-06-08 00:00:00";3403;28989;;32393
"2020-06-09 00:00:00";3418;29024;;32442
"2020-06-10 00:00:00";3428;29145;;32573
"2020-06-11 00:00:00";3457;29162;;32618
"2020-06-12 00:00:00";3473;29170;;32643
"2020-06-13 00:00:00";3466;29166;;32631
"2020-06-14 00:00:00";3470;29191;;32661
"2020-06-15 00:00:00";3499;29244;;32747
"2020-06-16 00:00:00";3500;29248;;32751
"2020-06-17 00:00:00";3527;29258;;32784
"2020-06-18 00:00:00";3522;29323;;32847
"2020-06-19 00:00:00";3528;29350;;32880
"2020-06-20 00:00:00";3562;29433;;32994
"2020-06-21 00:00:00";3555;29481;;33031
"2020-06-22 00:00:00";3554;29480;;33037
"2020-06-23 00:00:00";3563;29426;;32994
"2020-06-24 00:00:00";3594;29425;;33004
"2020-06-25 00:00:00";3574;29451;;33026
"2020-06-26 00:00:00";3596;29487;;33083
"2020-06-27 00:00:00";3595;29527;;33120
"2020-06-28 00:00:00";3593;29612;;33206
"2020-06-29 00:00:00";3595;29639;;33229
"2020-06-30 00:00:00";3584;29694;;33273
"2020-07-01 00:00:00";3580;29738;;33318
"2020-07-02 00:00:00";3598;29770;;33367
"2020-07-03 00:00:00";3606;29822;;33429
"2020-07-04 00:00:00";3608;29803;;33411
"2020-07-05 00:00:00";3608;29803;;33411
"2020-07-06 00:00:00";3608;29803;;33411
"2020-07-07 00:00:00";3608;29803;;33411
"2020-07-08 00:00:00";3608;29803;;33411
"2020-07-09 00:00:00";3608;29803;;33411
"2020-07-10 00:00:00";3608;29803;;33411
"2020-07-11 00:00:00";3608;29803;;33411
"2020-07-12 00:00:00";3608;29803;;33411
"2020-07-13 00:00:00";3608;29803;;33411
"2020-07-14 00:00:00";3608;29803;;33411
"2020-07-15 00:00:00";3608;29803;;33411
"2020-07-16 00:00:00";3608;29803;;33411
"2020-07-17 00:00:00";3608;29803;;33411
"2020-07-18 00:00:00";3608;29803;;33411
"2020-07-19 00:00:00";3608;29803;;33411
"2020-07-20 00:00:00";3608;29803;;33411
"2020-07-21 00:00:00";3608;29803;;33411
"2020-07-22 00:00:00";3608;29803;;33411
"2020-07-23 00:00:00";3608;29803;;33411
"2020-07-24 00:00:00";3608;29803;;33411
"2020-07-25 00:00:00";3608;29803;;33411
"2020-07-26 00:00:00";3608;29803;;33411
"2020-07-27 00:00:00";3608;29803;;33411
"2020-07-28 00:00:00";3608;29803;;33411
"2020-07-29 00:00:00";3608;29803;;33411
"2020-07-30 00:00:00";3608;29803;;33411
"2020-07-31 00:00:00";3608;29803;;33411
"2020-08-01 00:00:00";3614;29751;;33364
"2020-08-02 00:00:00";3607;29765;;33372
"2020-08-03 00:00:00";3596;29733;;33330
"2020-08-04 00:00:00";3562;29629;;33190
"2020-08-05 00:00:00";3574;29659;;33229
"2020-08-06 00:00:00";3594;29650;;33244
"2020-08-07 00:00:00";3596;29630;;33227
"2020-08-08 00:00:00";3604;29510;;33124
"2020-08-09 00:00:00";3620;29567;;33188
"2020-08-10 00:00:00";3607;29607;;33215
"2020-08-11 00:00:00";3596;29626;;33220
"2020-08-12 00:00:00";3602;29672;;33271
"2020-08-13 00:00:00";3605;29727;;33333
"2020-08-14 00:00:00";3589;29757;;33347
"2020-08-15 00:00:00";3601;29785;;33390
"2020-08-16 00:00:00";3606;29814;;33424
"2020-08-17 00:00:00";3611;29868;;33478
"2020-08-18 00:00:00";3597;29854;;33452
"2020-08-19 00:00:00";3598;29835;;33432
"2020-08-20 00:00:00";3593;29606;;33201
"2020-08-21 00:00:00";3528;29483;;33011
"2020-08-22 00:00:00";3527;29434;;32965
"2020-08-23 00:00:00";3544;29629;;33174
"2020-08-24 00:00:00";3558;29702;;33259
"2020-08-25 00:00:00";3548;29670;;33218
"2020-08-26 00:00:00";3526;29697;;33232
"2020-08-27 00:00:00";3515;29714;;33226
"2020-08-28 00:00:00";3525;29692;;33218
"2020-08-29 00:00:00";3545;29806;;33352
"2020-08-30 00:00:00";3604;34518;;38123
"2020-08-31 00:00:00";3611;34556;;38162
"2020-09-01 00:00:00";3610;34540;;38149
"2020-09-02 00:00:00";3602;34549;;38151
"2020-09-03 00:00:00";3602;34525;;38126
"2020-09-04 00:00:00";3610;34495;;38101
"2020-09-05 00:00:00";3611;34441;;38053
"2020-09-06 00:00:00";3584;33815;;37398
"2020-09-07 00:00:00";3585;33974;;37553
"2020-09-08 00:00:00";3597;34111;;37703
"2020-09-09 00:00:00";3590;34055;;37645
"2020-09-10 00:00:00";3563;33720;;37275
"2020-09-11 00:00:00";3569;33729;;37298
"2020-09-12 00:00:00";3580;33843;;37423
"2020-09-13 00:00:00";3588;33946;;37530
"2020-09-14 00:00:00";3604;33853;;37456
"2020-09-15 00:00:00";3619;33866;;37486
"2020-09-16 00:00:00";3632;33893;;37524
"2020-09-17 00:00:00";3647;33938;;37587
"2020-09-18 00:00:00";3660;33986;;37646
"2020-09-19 00:00:00";3665;34027;;37692
"2020-09-20 00:00:00";3692;34104;;37796
"2020-09-21 00:00:00";3695;34151;;37841
"2020-09-22 00:00:00";3695;34151;;37841
"2020-09-23 00:00:00";3695;34151;;37841
"2020-09-24 00:00:00";3695;34151;;37841
"2020-09-25 00:00:00";3695;34151;;37841
"2020-09-26 00:00:00";3691;34236;;37927
"2020-09-27 00:00:00";3691;34236;;37927
"2020-09-28 00:00:00";3737;34575;;38312
"2020-09-29 00:00:00";3737;34575;;38312
"2020-09-30 00:00:00";3784;34547;;38331
"2020-10-01 00:00:00";3794;34549;;38344
"2020-10-02 00:00:00";3807;34536;;38342
"2020-10-03 00:00:00";3786;34478;;38267
"2020-10-04 00:00:00";3784;34483;;38267
"2020-10-05 00:00:00";3784;34483;;38267
"2020-10-06 00:00:00";3784;34483;;38267
"2020-10-07 00:00:00";3764;34668;;38432
"2020-10-08 00:00:00";3758;34524;;38282
"2020-10-09 00:00:00";3755;34454;;38208
"2020-10-10 00:00:00";3711;33907;;37618
"2020-10-11 00:00:00";3681;33830;;37508
"2020-10-12 00:00:00";3689;33842;;37533
"2020-10-13 00:00:00";3682;33790;;37474
"2020-10-14 00:00:00";3677;33755;;37435
"2020-10-15 00:00:00";3675;33839;;37514
"2020-10-16 00:00:00";3673;33514;;37187
"2020-10-17 00:00:00";3651;33479;;37129
"2020-10-18 00:00:00";3643;33485;;37127
"2020-10-19 00:00:00";3644;33435;;37079
"2020-10-20 00:00:00";3627;33389;;37016
"2020-10-21 00:00:00";3622;33354;;36976
"2020-10-22 00:00:00";3618;33288;;36905
"2020-10-23 00:00:00";3602;33105;;36706
"2020-10-24 00:00:00";3587;33064;;36649
"2020-10-25 00:00:00";3558;33066;;36623
"2020-10-26 00:00:00";3562;33090;;36652
"2020-10-27 00:00:00";3565;33072;;36639
"2020-10-28 00:00:00";3565;33064;;36629
"2020-10-29 00:00:00";3563;33050;;36616
"2020-10-30 00:00:00";3564;33046;;36609
"2020-10-31 00:00:00";3562;33039;;36601
"2020-11-01 00:00:00";3556;32939;;36496
"2020-11-02 00:00:00";3557;32903;;36459
"2020-11-03 00:00:00";3546;32736;;36282
"2020-11-04 00:00:00";3544;32678;;36222
"2020-11-05 00:00:00";3524;32572;;36097
"2020-11-06 00:00:00";3521;32566;;36088
"2020-11-07 00:00:00";3526;32550;;36076
"2020-11-08 00:00:00";3529;32614;;36142
"2020-11-09 00:00:00";3541;32685;;36228
"2020-11-10 00:00:00";3523;32706;;36230
"2020-11-11 00:00:00";3530;32742;;36275
"2020-11-12 00:00:00";3545;32658;;36203
"2020-11-13 00:00:00";3551;32685;;36234
"2020-11-14 00:00:00";3557;32755;;36312
"2020-11-15 00:00:00";3541;32900;;36427
"2020-11-16 00:00:00";3519;32968;;36485
"2020-11-17 00:00:00";3528;32961;;36493
"2020-11-18 00:00:00";3528;32995;;36522
"2020-11-19 00:00:00";3543;33021;;36563
"2020-11-20 00:00:00";3522;33125;;36646
"2020-11-21 00:00:00";3503;33143;;36645
"2020-11-22 00:00:00";3488;33165;;36652
"2020-11-23 00:00:00";3484;33252;;36738
"2020-11-24 00:00:00";3480;33235;;36714
"2020-11-25 00:00:00";3474;33205;;36676
"2020-11-26 00:00:00";3480;33172;;36651
"2020-11-27 00:00:00";3479;33127;;36604
"2020-11-28 00:00:00";3487;33153;;36641
"2020-11-29 00:00:00";3490;33260;;36749
"2020-11-30 00:00:00";3505;33319;;36824
"2020-12-01 00:00:00";3501;33301;;36799
"2020-12-02 00:00:00";3498;33286;;36784
"2020-12-03 00:00:00";3496;33230;;36726
"2020-12-04 00:00:00";3471;33205;;36673
"2020-12-05 00:00:00";3475;33201;;36676
"2020-12-06 00:00:00";3462;33256;;36720
"2020-12-07 00:00:00";3467;33406;;36873
"2020-12-08 00:00:00";3464;33428;;36891
"2020-12-09 00:00:00";3460;33425;;36884
"2020-12-10 00:00:00";3456;33476;;36931
"2020-12-11 00:00:00";3460;33508;;36970
"2020-12-12 00:00:00";3473;33518;;36991
"2020-12-13 00:00:00";3476;33564;;37038
"2020-12-14 00:00:00";3476;33612;;37091
"2020-12-15 00:00:00";3482;33618;;37100
"2020-12-16 00:00:00";3477;33548;;37023
"2020-12-17 00:00:00";3472;33516;;36989
"2020-12-18 00:00:00";3472;33502;;36973
"2020-12-19 00:00:00";3464;33483;;36943
"2020-12-20 00:00:00";3459;33497;;36956
"2020-12-21 00:00:00";3453;33541;;36994
"2020-12-22 00:00:00";3419;33432;;36851
"2020-12-23 00:00:00";3424;33430;;36855
"2020-12-24 00:00:00";3418;33420;;36839
"2020-12-25 00:00:00";3406;33431;;36839
"2020-12-26 00:00:00";3397;33447;;36843
"2020-12-27 00:00:00";3397;33503;;36898
"2020-12-28 00:00:00";3404;33558;;36962
"2020-12-29 00:00:00";3401;33574;;36973
"2020-12-30 00:00:00";3414;33686;;37101
"2020-12-31 00:00:00";3405;33760;;37167
"2021-01-01 00:00:00";3418;33789;;37208
"2021-01-02 00:00:00";3431;33864;;37298
"2021-01-03 00:00:00";3422;33738;;37160
"2021-01-04 00:00:00";3417;33729;;37146
"2021-01-05 00:00:00";3418;33711;;37129
"2021-01-06 00:00:00";3411;33656;;37067
"2021-01-07 00:00:00";3401;33662;;37065
"2021-01-08 00:00:00";3402;33649;;37050
"2021-01-09 00:00:00";3399;33640;;37039
"2021-01-10 00:00:00";3398;33609;;37006
"2021-01-11 00:00:00";3397;33582;;36979
"2021-01-12 00:00:00";3400;33482;;36882
"2021-01-13 00:00:00";3350;33445;;36791
"2021-01-14 00:00:00";3344;33455;;36798
"2021-01-15 00:00:00";3341;33423;;36762
"2021-01-16 00:00:00";3341;33433;;36773
"2021-01-17 00:00:00";3360;33540;;36899
"2021-01-18 00:00:00";3361;33641;;37002
"2021-01-19 00:00:00";3361;33677;;37040
"2021-01-20 00:00:00";3360;33743;;37104
"2021-01-21 00:00:00";3376;33778;;37154
"2021-01-22 00:00:00";3376;33781;;37155
"2021-01-23 00:00:00";3428;33859;;37287
"2021-01-24 00:00:00";3442;34079;;37517
"2021-01-25 00:00:00";3455;34224;;37678
"2021-01-26 00:00:00";3462;34304;;37766
"2021-01-27 00:00:00";3470;34369;;37841
"2021-01-28 00:00:00";3474;34454;;37928
"2021-01-29 00:00:00";3475;34496;;37972
"2021-01-30 00:00:00";3477;34489;;37966
"2021-01-31 00:00:00";3467;34510;;37978
"2021-02-01 00:00:00";3465;34563;;38027
"2021-02-02 00:00:00";3474;34589;;38063
"2021-02-03 00:00:00";3479;34734;;38211
"2021-02-04 00:00:00";3470;34746;;38214
"2021-02-05 00:00:00";3474;34832;;38304
"2021-02-06 00:00:00";3488;34901;;38388
"2021-02-07 00:00:00";3497;34977;;38474
"2021-02-08 00:00:00";3518;35079;;38596
"2021-02-09 00:00:00";3517;34988;;38505
"2021-02-10 00:00:00";3528;34945;;38472
"2021-02-11 00:00:00";3523;34861;;38383
"2021-02-12 00:00:00";3526;34845;;38370
"2021-02-13 00:00:00";3529;34876;;38407
"2021-02-14 00:00:00";3538;34949;;38491
"2021-02-15 00:00:00";3538;35021;;38559
"2021-02-16 00:00:00";3532;35025;;38553
"2021-02-17 00:00:00";3550;35105;;38656
"2021-02-18 00:00:00";3553;35166;;38719
"2021-02-19 00:00:00";3551;34979;;38532
"2021-02-20 00:00:00";3559;35121;;38681
"2021-02-21 00:00:00";3558;35160;;38722
"2021-02-22 00:00:00";3554;35185;;38743
"2021-02-23 00:00:00";3558;35185;;38744
"2021-02-24 00:00:00";3561;35207;;38768
"2021-02-25 00:00:00";3572;35287;;38858
"2021-02-26 00:00:00";3573;35301;;38873
"2021-02-27 00:00:00";3581;35376;;38957
"2021-02-28 00:00:00";3593;35437;;39026
"2021-03-01 00:00:00";3585;35468;;39052
"2021-03-02 00:00:00";3600;35480;;39081
"2021-03-03 00:00:00";3544;35415;;38959
"2021-03-04 00:00:00";3553;35472;;39025
"2021-03-05 00:00:00";3554;35520;;39074
"2021-03-06 00:00:00";3567;35548;;39116
"2021-03-07 00:00:00";3594;35701;;39296
"2021-03-08 00:00:00";3604;35764;;39367
"2021-03-09 00:00:00";3607;35841;;39447
"2021-03-10 00:00:00";3618;35952;;39570
"2021-03-11 00:00:00";3625;35956;;39580
"2021-03-12 00:00:00";3638;35984;;39623
"2021-03-13 00:00:00";3646;36015;;39662
"2021-03-14 00:00:00";3656;36124;;39782
"2021-03-15 00:00:00";3674;36246;;39921
"2021-03-16 00:00:00";3679;36412;;40090
"2021-03-17 00:00:00";3697;36492;;40191
"2021-03-18 00:00:00";3688;36526;;40215
"2021-03-19 00:00:00";3688;36550;;40237
"2021-03-20 00:00:00";3701;36699;;40400
"2021-03-21 00:00:00";3724;36945;;40669
"2021-03-22 00:00:00";3741;37161;;40901
"2021-03-23 00:00:00";3757;37101;;40860
"2021-03-24 00:00:00";3771;37297;;41067
"2021-03-25 00:00:00";3774;37385;;41159
"2021-03-26 00:00:00";3771;37280;;41051
"2021-03-27 00:00:00";3787;37370;;41158
"2021-03-28 00:00:00";3809;37507;;41314
"2021-03-29 00:00:00";3838;37641;;41482
"2021-03-30 00:00:00";3837;37720;;41557
"2021-03-31 00:00:00";3837;37739;;41576
"2021-04-01 00:00:00";3853;37819;;41671
"2021-04-02 00:00:00";3867;37819;;41685
"2021-04-03 00:00:00";3879;37819;;41694
"2021-04-04 00:00:00";3894;37985;;41881
"2021-04-05 00:00:00";3911;38196;;42106
"2021-04-06 00:00:00";3918;38373;;42293
"2021-04-07 00:00:00";3925;38497;;42420
"2021-04-08 00:00:00";3938;38693;;42631
"2021-04-09 00:00:00";3943;38741;;42685
"2021-04-10 00:00:00";3960;38830;;42791
"2021-04-11 00:00:00";3977;39054;;43029
"2021-04-12 00:00:00";3978;39173;;43148
"2021-04-13 00:00:00";3989;39108;;43100
"2021-04-14 00:00:00";3988;38936;;42924
"2021-04-15 00:00:00";3980;38890;;42873
"2021-04-16 00:00:00";3990;38878;;42869
"2021-04-17 00:00:00";3991;38895;;42887
"2021-04-18 00:00:00";3986;38867;;42852
"2021-04-19 00:00:00";3983;38862;;42844
"2021-04-20 00:00:00";3973;38815;;42788
"2021-04-21 00:00:00";3977;38817;;42793
"2021-04-22 00:00:00";3975;38798;;42772
"2021-04-23 00:00:00";3980;38790;;42770
"2021-04-24 00:00:00";3956;38700;;42655
"2021-04-25 00:00:00";3976;38827;;42805
"2021-04-26 00:00:00";3985;38951;;42936
"2021-04-27 00:00:00";3988;38952;;42942
"2021-04-28 00:00:00";4000;39052;;43052
"2021-04-29 00:00:00";4001;39138;;43137
"2021-04-30 00:00:00";4005;39224;;43230
"2021-05-01 00:00:00";4002;39281;;43285
"2021-05-02 00:00:00";4020;39512;;43533
"2021-05-03 00:00:00";4047;39809;;43853
"2021-05-04 00:00:00";4046;39934;;43976
"2021-05-05 00:00:00";4098;40058;;44151
"2021-05-06 00:00:00";4087;40168;;44255
"2021-05-07 00:00:00";4112;40341;;44455
"2021-05-08 00:00:00";4112;40507;;44616
"2021-05-09 00:00:00";4090;40678;;44767
"2021-05-10 00:00:00";4107;40897;;45004
"2021-05-11 00:00:00";4139;41087;;45226
"2021-05-12 00:00:00";4187;41369;;45561
"2021-05-13 00:00:00";4216;41606;;45823
"2021-05-14 00:00:00";4219;41695;;45915
"2021-05-15 00:00:00";4215;41786;;46002
"2021-05-16 00:00:00";4234;42034;;46269
"2021-05-17 00:00:00";4223;42138;;46360
"2021-05-18 00:00:00";4206;42155;;46368
"2021-05-19 00:00:00";4208;42170;;46379
"2021-05-20 00:00:00";4208;42177;;46385
"2021-05-21 00:00:00";4212;42195;;46407
"2021-05-22 00:00:00";4213;42248;;46464
"2021-05-23 00:00:00";4216;42368;;46587
"2021-05-24 00:00:00";4227;42511;;46736
"2021-05-25 00:00:00";4217;42682;;46896
"2021-05-26 00:00:00";4213;42796;;47008
"2021-05-27 00:00:00";4251;42929;;47180
"2021-05-28 00:00:00";4260;43106;;47365
"2021-05-29 00:00:00";4267;43260;;47527
"2021-05-30 00:00:00";4266;43474;;47734
"2021-05-31 00:00:00";4265;43795;;48056
"2021-06-01 00:00:00";4268;43942;;48211
"2021-06-02 00:00:00";4276;44062;;48339
"2021-06-03 00:00:00";4301;44258;;48558
"2021-06-04 00:00:00";4309;44402;;48708
"2021-06-05 00:00:00";4320;44594;;48917
"2021-06-06 00:00:00";4316;44784;;49103
"2021-06-07 00:00:00";4312;44943;;49250
"2021-06-08 00:00:00";4259;45020;;49302
"2021-06-09 00:00:00";4243;45212;;49451
"2021-06-10 00:00:00";4224;45215;;49438
"2021-06-11 00:00:00";4216;45247;;49467
"2021-06-12 00:00:00";4215;45290;;49508
"2021-06-13 00:00:00";4235;45577;;49811
"2021-06-14 00:00:00";4264;45965;;50230
"2021-06-15 00:00:00";4272;46171;;50442
"2021-06-16 00:00:00";4282;46357;;50639
"2021-06-17 00:00:00";4292;46642;;50936
"2021-06-18 00:00:00";4305;46844;;51148
"2021-06-19 00:00:00";4333;47140;;51473
"2021-06-20 00:00:00";4348;47339;;51689
"2021-06-21 00:00:00";4344;47460;;51798
"2021-06-22 00:00:00";4334;47470;;51804
"2021-06-23 00:00:00";4342;47556;;51897
"2021-06-24 00:00:00";4342;47612;;51952
"2021-06-25 00:00:00";4354;47729;;52083
"2021-06-26 00:00:00";4369;47894;;52263
"2021-06-27 00:00:00";4371;48059;;52433
"2021-06-28 00:00:00";4384;48029;;52412
"2021-06-29 00:00:00";4399;48190;;52589
"2021-06-30 00:00:00";4405;48267;;52671
"2021-07-01 00:00:00";4421;48374;;52795
"2021-07-02 00:00:00";4421;48469;;52890
"2021-07-03 00:00:00";4419;48578;;52996
"2021-07-04 00:00:00";4422;48893;;53318
"2021-07-05 00:00:00";4423;49255;;53666
"2021-07-06 00:00:00";4383;49418;;53799
"2021-07-07 00:00:00";4412;49741;;54157
"2021-07-08 00:00:00";4433;50074;;54507
"2021-07-09 00:00:00";4463;50392;;54854
"2021-07-10 00:00:00";4469;50682;;55152
"2021-07-11 00:00:00";4475;51059;;55539
"2021-07-12 00:00:00";4466;51392;;55858
"2021-07-13 00:00:00";4483;51714;;56198
"2021-07-14 00:00:00";4490;52136;;56627
"2021-07-15 00:00:00";4512;52437;;56947
"2021-07-16 00:00:00";4543;52704;;57247
"2021-07-17 00:00:00";4570;53032;;57612
"2021-07-18 00:00:00";4582;53412;;57994
"2021-07-19 00:00:00";4560;53657;;58215
"2021-07-20 00:00:00";4549;53883;;58436
"2021-07-21 00:00:00";4549;54208;;58757
"2021-07-22 00:00:00";4558;54514;;59072
"2021-07-23 00:00:00";4572;54759;;59334
"2021-07-24 00:00:00";4562;55005;;59567
"2021-07-25 00:00:00";4553;55166;;59724
"2021-07-26 00:00:00";4556;55488;;60041
"2021-07-27 00:00:00";4575;55941;;60513
"2021-07-28 00:00:00";4613;56392;;61005
"2021-07-29 00:00:00";4616;56657;;61261
"2021-07-30 00:00:00";4554;56797;;61350
"2021-07-31 00:00:00";4568;57014;;61582
"2021-08-01 00:00:00";4568;57220;;61785
"2021-08-02 00:00:00";4586;57724;;62310
"2021-08-03 00:00:00";4607;58146;;62755
"2021-08-04 00:00:00";4596;58424;;63020
"2021-08-05 00:00:00";4585;58625;;63212
"2021-08-06 00:00:00";4574;58834;;63408
"2021-08-07 00:00:00";4571;59299;;63862
"2021-08-08 00:00:00";4576;59497;;64075
"2021-08-09 00:00:00";4569;59657;;64233
"2021-08-10 00:00:00";4566;59833;;64399
"2021-08-11 00:00:00";4570;60068;;64637
"2021-08-12 00:00:00";4591;60340;;64932
"2021-08-13 00:00:00";4595;60551;;65146
"2021-08-14 00:00:00";4601;60801;;65402
"2021-08-15 00:00:00";4602;61029;;65628
"2021-08-16 00:00:00";4605;61252;;65858
"2021-08-17 00:00:00";4603;61519;;66121
"2021-08-18 00:00:00";4597;61705;;66304
"2021-08-19 00:00:00";4592;61983;;66574
"2021-08-20 00:00:00";4593;62221;;66810
"2021-08-21 00:00:00";4608;62395;;67003
"2021-08-22 00:00:00";4624;62598;;67220
"2021-08-23 00:00:00";4609;62782;;67388
"2021-08-24 00:00:00";4611;62984;;67596
"2021-08-25 00:00:00";4624;63371;;67995
"2021-08-26 00:00:00";4650;63649;;68300
"2021-08-27 00:00:00";4651;63757;;68410
"2021-08-28 00:00:00";4653;63886;;68538
"2021-08-29 00:00:00";4648;64075;;68735
"2021-08-30 00:00:00";4642;64247;;68892
"2021-08-31 00:00:00";4615;64473;;69089
"2021-09-01 00:00:00";4637;64625;;69263
"2021-09-02 00:00:00";4649;64737;;69390
"2021-09-03 00:00:00";4633;64878;;69505
"2021-09-04 00:00:00";4640;65023;;69661
"2021-09-05 00:00:00";4654;65286;;69942
"2021-09-06 00:00:00";4668;65505;;70173
"2021-09-07 00:00:00";4632;65634;;70263
"2021-09-08 00:00:00";4638;65834;;70472
"2021-09-09 00:00:00";4635;66111;;70747
"2021-09-10 00:00:00";4649;66397;;71050
"2021-09-11 00:00:00";4667;66675;;71347
"2021-09-12 00:00:00";4617;66952;;71570
"2021-09-13 00:00:00";4628;67194;;71822
"2021-09-14 00:00:00";4632;67377;;72009
"2021-09-15 00:00:00";4645;67676;;72323
"2021-09-16 00:00:00";4637;67985;;72619
"2021-09-17 00:00:00";4704;68083;;72790
"2021-09-18 00:00:00";4100;68091;;72192
"2021-09-19 00:00:00";4128;68467;;72596
"2021-09-20 00:00:00";4127;68691;;72811
"2021-09-21 00:00:00";4144;68939;;73085
"2021-09-22 00:00:00";4192;69185;;73381
"2021-09-23 00:00:00";4195;69455;;73653
"2021-09-24 00:00:00";4206;69832;;74042
"2021-09-25 00:00:00";4203;70068;;74286
"2021-09-26 00:00:00";4211;70279;;74490
"2021-09-27 00:00:00";4208;70437;;74648
"2021-09-28 00:00:00";4001;70185;;74186
"2021-09-29 00:00:00";4001;70403;;74399
"2021-09-30 00:00:00";3997;70583;;74582
"2021-10-01 00:00:00";4006;70772;;74776
"2021-10-02 00:00:00";4002;70938;;74939
"2021-10-03 00:00:00";3998;71156;;75161
"2021-10-04 00:00:00";4000;71308;;75310
"2021-10-05 00:00:00";4008;71482;;75487
"2021-10-06 00:00:00";4029;71558;;75586
"2021-10-07 00:00:00";4033;71580;;75612
"2021-10-08 00:00:00";4038;71820;;75858
"2021-10-09 00:00:00";4037;72052;;76093
"2021-10-10 00:00:00";4047;72389;;76438
"2021-10-11 00:00:00";4036;72513;;76545
"2021-10-12 00:00:00";4046;72723;;76769
"2021-10-13 00:00:00";4060;72951;;77009
"2021-10-14 00:00:00";4075;73171;;77243
"2021-10-15 00:00:00";4096;73277;;77372
"2021-10-16 00:00:00";4100;73360;;77460
"2021-10-17 00:00:00";4099;73715;;77817
"2021-10-18 00:00:00";4096;74251;;78347
"2021-10-27 00:00:00";4119;75541;;79659
"2021-10-28 00:00:00";4139;75736;;79873
"2021-10-29 00:00:00";4151;75881;;80030
"2021-10-30 00:00:00";4107;75368;;79483
"2021-10-31 00:00:00";4109;75651;;79759
"2021-11-01 00:00:00";4104;75818;;79924
"2021-11-02 00:00:00";4104;75924;;80027
"2021-11-03 00:00:00";4102;76115;;80215
"2021-11-04 00:00:00";4128;76217;;80345
"2021-11-05 00:00:00";4134;76405;;80539
"2021-11-06 00:00:00";4131;76484;;80614
"2021-11-07 00:00:00";4123;76510;;80631
"2021-11-08 00:00:00";4101;76469;;80570
"2021-11-09 00:00:00";4092;76486;;80581
"2021-11-10 00:00:00";4094;76697;;80790
"2021-11-11 00:00:00";4095;76848;;80942
"2021-11-12 00:00:00";4090;76918;;81008
"2021-11-13 00:00:00";4091;76901;;80993
"2021-11-14 00:00:00";4090;76966;;81057
"2021-11-15 00:00:00";4080;77100;;81177
"2021-11-16 00:00:00";4070;77057;;81127
"2021-11-17 00:00:00";4077;77233;;81305
"2021-11-18 00:00:00";4091;77328;;81417
"2021-11-19 00:00:00";4097;77472;;81571
"2021-11-20 00:00:00";4117;77153;;81271
"2021-11-21 00:00:00";4119;77316;;81435
"2021-11-22 00:00:00";4132;77465;;81597
"2021-11-23 00:00:00";4134;77568;;81700
"2021-11-24 00:00:00";4123;77615;;81739
"2021-11-25 00:00:00";4131;78100;;82228
"2021-11-26 00:00:00";4132;78157;;82294
"2021-11-27 00:00:00";4118;78353;;82471
"2021-11-28 00:00:00";4120;78489;;82610
"2021-11-29 00:00:00";4131;78641;;82773
"2021-11-30 00:00:00";4137;78698;;82836
"2021-12-01 00:00:00";4136;78617;;82754
"2021-12-02 00:00:00";4116;78491;;82605
"2021-12-03 00:00:00";4113;78575;;82685
"2021-12-04 00:00:00";4105;78597;;82710
"2021-12-05 00:00:00";4109;78646;;82756
"2021-12-06 00:00:00";4114;78827;;82941
"2021-12-07 00:00:00";4124;78917;;83037
"2021-12-08 00:00:00";4130;79072;;83198
"2021-12-09 00:00:00";4133;79063;;83196
"2021-12-10 00:00:00";4147;79209;;83357
"2021-12-11 00:00:00";4147;79252;;83403
"2021-12-12 00:00:00";4127;79276;;83408
"2021-12-13 00:00:00";4134;79405;;83541
"2021-12-14 00:00:00";4139;79484;;83625
"2021-12-15 00:00:00";4150;79544;;83694
"2021-12-16 00:00:00";4160;79642;;83804
"2021-12-17 00:00:00";4168;79722;;83890
"2021-12-18 00:00:00";4147;79630;;83778
"2021-12-19 00:00:00";4148;79676;;83821
"2021-12-20 00:00:00";4142;79706;;83850
"2021-12-21 00:00:00";4150;79769;;83918
"2021-12-22 00:00:00";4162;79934;;84096
"2021-12-23 00:00:00";4176;80107;;84274
"2021-12-24 00:00:00";4147;80169;;84315
"2021-12-25 00:00:00";4126;80142;;84273
"2021-12-26 00:00:00";4125;80196;;84321
"2021-12-27 00:00:00";4103;80222;;84340
"2021-12-28 00:00:00";4088;80191;;84277
"2021-12-29 00:00:00";4095;80278;;84377
"2021-12-30 00:00:00";4092;80226;;84317
"2021-12-31 00:00:00";4096;80225;;84321
"2022-01-01 00:00:00";4108;80369;;84478
"2022-01-02 00:00:00";4108;80447;;84557
"2022-01-03 00:00:00";4103;80547;;84656
"2022-01-04 00:00:00";4110;80553;;84665
"2022-01-05 00:00:00";4128;80695;;84820
"2022-01-06 00:00:00";4143;80790;;84935
"2022-01-07 00:00:00";4147;80858;;85005
"2022-01-08 00:00:00";4155;80959;;85114
"2022-01-09 00:00:00";4169;81158;;85327
"2022-01-10 00:00:00";4183;81298;;85479
"2022-01-11 00:00:00";4117;81371;;85491
"2022-01-12 00:00:00";4122;81522;;85643
"2022-01-13 00:00:00";4105;81620;;85725
"2022-01-14 00:00:00";4109;81691;;85803
"2022-01-15 00:00:00";4105;81763;;85872
"2022-01-16 00:00:00";4103;81640;;85745
"2022-01-17 00:00:00";4089;81698;;85786
"2022-01-18 00:00:00";4087;81726;;85812
"2022-01-19 00:00:00";4085;81722;;85807
"2022-01-20 00:00:00";4077;81827;;85901
"2022-01-21 00:00:00";4071;81796;;85869
"2022-01-22 00:00:00";4109;81849;;85959
"2022-01-23 00:00:00";4147;81944;;86089
"2022-01-24 00:00:00";4149;82019;;86168
"2022-01-25 00:00:00";4147;82167;;86318
"2022-01-26 00:00:00";4149;82272;;86423
"2022-01-27 00:00:00";4150;82191;;86342
"2022-01-28 00:00:00";4149;82187;;86341
"2022-01-29 00:00:00";4134;82632;;86762
"2022-01-30 00:00:00";4138;82679;;86820
"2022-01-31 00:00:00";4144;82782;;86926
"2022-02-01 00:00:00";4154;82889;;87044
"2022-02-02 00:00:00";4169;82816;;86986
"2022-02-03 00:00:00";4174;82951;;87125
"2022-02-04 00:00:00";4174;83025;;87197
"2022-02-05 00:00:00";4170;82992;;87161
"2022-02-06 00:00:00";4173;83114;;87287
"2022-02-07 00:00:00";4171;83255;;87426
"2022-02-08 00:00:00";4176;83373;;87551
"2022-02-09 00:00:00";4161;83482;;87643
"2022-02-10 00:00:00";4156;83537;;87692
"2022-02-11 00:00:00";4151;83566;;87718
"2022-02-12 00:00:00";4148;83641;;87789
"2022-02-13 00:00:00";4160;83917;;88077
"2022-02-14 00:00:00";4143;84007;;88146
"2022-02-15 00:00:00";4153;84011;;88155
"2022-02-16 00:00:00";4110;83565;;87676
"2022-02-17 00:00:00";4106;83413;;87517
"2022-02-18 00:00:00";4110;83349;;87461
"2022-02-19 00:00:00";4111;83446;;87554
"2022-02-20 00:00:00";4097;83491;;87588
"2022-02-21 00:00:00";4091;83689;;87780
"2022-02-22 00:00:00";4095;83777;;87878
"2022-02-23 00:00:00";4074;83613;;87686
"2022-02-24 00:00:00";4072;83535;;87605
"2022-02-25 00:00:00";4064;83349;;87414
"2022-02-26 00:00:00";4077;83389;;87467
"2022-02-27 00:00:00";4081;83521;;87600
"2022-02-28 00:00:00";4059;83546;;87605
"2022-03-01 00:00:00";4001;83468;;87470
"2022-03-02 00:00:00";4008;83336;;87345
"2022-03-03 00:00:00";4019;83289;;87308
"2022-03-04 00:00:00";3988;83288;;87276
"2022-03-05 00:00:00";4009;83340;;87349
"2022-03-06 00:00:00";4022;83423;;87442
"2022-03-07 00:00:00";4031;83503;;87534
"2022-03-08 00:00:00";4032;83502;;87536
"2022-03-09 00:00:00";4035;83531;;87567
"2022-03-10 00:00:00";4061;83614;;87674
"2022-03-11 00:00:00";4053;83678;;87733
"2022-03-12 00:00:00";4058;83693;;87750
"2022-03-13 00:00:00";4048;83782;;87826
"2022-03-14 00:00:00";4052;83854;;87905
"2022-03-15 00:00:00";4053;83624;;87681
"2022-03-16 00:00:00";4071;83683;;87753
"2022-03-17 00:00:00";4081;83767;;87850
"2022-03-18 00:00:00";4080;83807;;87889
"2022-03-19 00:00:00";4094;83898;;87990
"2022-03-20 00:00:00";4102;83930;;88034
"2022-03-21 00:00:00";4101;83132;;87233
"2022-03-22 00:00:00";4118;82951;;87079
"2022-03-23 00:00:00";4110;82959;;87075
"2022-03-24 00:00:00";4114;82977;;87093
"2022-03-25 00:00:00";4097;82608;;86698
"2022-03-26 00:00:00";4114;82230;;86344
"2022-03-27 00:00:00";4130;82165;;86298
"2022-03-28 00:00:00";4158;82279;;86435
"2022-03-29 00:00:00";4154;82375;;86527
"2022-03-30 00:00:00";4174;82401;;86565
"2022-03-31 00:00:00";4188;82431;;86619
"2022-04-01 00:00:00";4204;82383;;86580
"2022-04-02 00:00:00";4213;82254;;86465
"2022-04-03 00:00:00";4219;82219;;86432
"2022-04-04 00:00:00";4202;82199;;86400
"2022-04-05 00:00:00";4214;82181;;86396
"2022-04-06 00:00:00";4216;82166;;86380
"2022-04-07 00:00:00";4234;82052;;86276
"2022-04-08 00:00:00";4247;82255;;86501
"2022-04-09 00:00:00";4257;82308;;86565
"2022-04-10 00:00:00";4273;82468;;86741
"2022-04-11 00:00:00";4275;82530;;86807
"2022-04-12 00:00:00";4144;82281;;86427
"2022-04-13 00:00:00";4147;82370;;86517
"2022-04-14 00:00:00";4146;82500;;86641
"2022-04-15 00:00:00";4159;82340;;86501
"2022-04-16 00:00:00";4169;81904;;86073
"2022-04-17 00:00:00";4165;80986;;85153
"2022-04-18 00:00:00";4163;79664;;83828
"2022-04-19 00:00:00";4150;79554;;83704
"2022-04-20 00:00:00";4147;79633;;83782
"2022-04-21 00:00:00";4124;79462;;83590
"2022-04-25 00:00:00";2349;45001;;47350
"2022-04-26 00:00:00";4052;77693;;81740
"2022-04-27 00:00:00";4058;77821;;81879
"2022-04-28 00:00:00";4062;78035;;82099
"2022-04-29 00:00:00";4062;78130;;82194
"2022-04-30 00:00:00";4076;78063;;82127
"2022-05-01 00:00:00";4086;78183;;82266
"2022-05-02 00:00:00";4105;78375;;82482
"2022-05-03 00:00:00";4107;78507;;82616
"2022-05-04 00:00:00";4104;78597;;82701
"2022-05-05 00:00:00";4111;78578;;82684
"2022-05-06 00:00:00";4084;78638;;82722
"2022-05-07 00:00:00";4093;78454;;82544
"2022-05-08 00:00:00";4104;78654;;82759
"2022-05-09 00:00:00";4109;78883;;82996
"2022-05-10 00:00:00";4099;78787;;82890
"2022-05-11 00:00:00";4101;78936;;83034
"2022-05-12 00:00:00";4104;78941;;83043
"2022-05-13 00:00:00";4105;78936;;83040
"2022-05-14 00:00:00";4110;78909;;83019
"2022-05-15 00:00:00";4123;78773;;82898
"2022-05-16 00:00:00";4126;78764;;82890
"2022-05-17 00:00:00";4142;78820;;82962
"2022-05-18 00:00:00";4157;78839;;82996
"2022-05-19 00:00:00";4208;79237;;83447
"2022-05-20 00:00:00";4211;79230;;83441
"2022-05-21 00:00:00";4223;79184;;83405
"2022-05-22 00:00:00";4219;79289;;83509
"2022-05-23 00:00:00";4217;79426;;83643
"2022-05-24 00:00:00";4232;79587;;83828
"2022-05-25 00:00:00";4272;79591;;83861
"2022-05-26 00:00:00";4285;79673;;83954
"2022-05-27 00:00:00";4299;79656;;83957
"2022-05-28 00:00:00";4313;79667;;83980
"2022-05-29 00:00:00";4308;79655;;83957
"2022-05-30 00:00:00";4311;79710;;84021
"2022-05-31 00:00:00";4314;79788;;84103
"2022-06-01 00:00:00";4318;79653;;83971
"2022-06-02 00:00:00";4314;79680;;83995
"2022-06-03 00:00:00";4325;79796;;84121
"2022-06-04 00:00:00";4310;79818;;84125
"2022-06-05 00:00:00";4309;79857;;84168
"2022-06-06 00:00:00";4246;79909;;84165
"2022-06-07 00:00:00";4214;79950;;84166
"2022-06-08 00:00:00";4215;79993;;84207
"2022-06-09 00:00:00";4217;79940;;84160
"2022-06-10 00:00:00";4221;79911;;84133
"2022-06-11 00:00:00";4214;79883;;84097
"2022-06-12 00:00:00";4213;79901;;84114
"2022-06-13 00:00:00";4215;79883;;84099
"2022-06-14 00:00:00";4196;79786;;83984
"2022-06-15 00:00:00";4154;79605;;83761
"2022-06-16 00:00:00";4139;79528;;83667
"2022-06-17 00:00:00";4133;79594;;83728
"2022-06-18 00:00:00";4160;79648;;83808
"2022-06-19 00:00:00";4163;79627;;83789
"2022-06-20 00:00:00";4170;79517;;83683
"2022-06-21 00:00:00";4169;79408;;83575
"2022-06-22 00:00:00";4183;79276;;83460
"2022-06-23 00:00:00";4187;79278;;83466
"2022-06-24 00:00:00";4192;79265;;83458
"2022-06-25 00:00:00";4196;79179;;83375
"2022-06-26 00:00:00";4193;79141;;83337
"2022-06-27 00:00:00";4209;79040;;83249
"2022-06-28 00:00:00";4227;79056;;83280
"2022-06-29 00:00:00";4253;79175;;83428
"2022-06-30 00:00:00";4263;79313;;83574
"2022-07-01 00:00:00";4274;79312;;83588
"2022-07-02 00:00:00";4296;79424;;83722
"2022-07-03 00:00:00";4320;79537;;83856
"2022-07-04 00:00:00";4319;79527;;83843
"2022-07-05 00:00:00";4319;79596;;83915
"2022-07-06 00:00:00";4313;79492;;83805
"2022-07-07 00:00:00";4338;79582;;83920
"2022-07-08 00:00:00";4352;79645;;83999
"2022-07-09 00:00:00";4369;79899;;84267
"2022-07-10 00:00:00";4387;80003;;84390
"2022-07-11 00:00:00";4402;80132;;84533
"2022-07-12 00:00:00";4410;80219;;84629
"2022-07-13 00:00:00";4428;80310;;84738
"2022-07-14 00:00:00";4431;80285;;84714
"2022-07-15 00:00:00";4443;80359;;84802
"2022-07-16 00:00:00";4467;80458;;84920
"2022-07-17 00:00:00";4480;80387;;84869
"2022-07-18 00:00:00";4480;80423;;84898
"2022-07-19 00:00:00";4394;80408;;84804
"2022-07-20 00:00:00";4408;80507;;84915
"2022-07-21 00:00:00";4415;80507;;84926
"2022-07-22 00:00:00";4453;80508;;84961
"2022-07-23 00:00:00";4482;80623;;85105
"2022-07-24 00:00:00";4486;80784;;85270
"2022-07-25 00:00:00";4470;80764;;85220
"2022-07-26 00:00:00";4467;80755;;85223
"2022-07-27 00:00:00";4476;80782;;85243
"2022-07-28 00:00:00";4389;80854;;85244
"2022-07-29 00:00:00";4417;81034;;85447
"2022-07-30 00:00:00";4456;81176;;85637
"2022-07-31 00:00:00";4465;81281;;85713
"2022-08-01 00:00:00";4359;81290;;85647
"2022-08-02 00:00:00";4355;81330;;85687
"2022-08-03 00:00:00";4358;81306;;85663
"2022-08-04 00:00:00";4369;81328;;85694
"2022-08-05 00:00:00";4408;81275;;85682
"2022-08-06 00:00:00";4458;81175;;85633
"2022-08-07 00:00:00";4472;81220;;85694
"2022-08-08 00:00:00";4468;81263;;85730
"2022-08-09 00:00:00";4484;81384;;85868
"2022-08-10 00:00:00";4503;81466;;85968
"2022-08-11 00:00:00";4520;81456;;85973
"2022-08-12 00:00:00";4541;81381;;85922
"2022-08-13 00:00:00";4566;81275;;85839
"2022-08-14 00:00:00";4572;81223;;85802
"2022-08-15 00:00:00";4561;81165;;85723
"2022-08-16 00:00:00";4536;81094;;85629
"2022-08-17 00:00:00";4533;81016;;85546
"2022-08-18 00:00:00";4505;81025;;85531
"2022-08-19 00:00:00";4526;81039;;85565
"2022-08-20 00:00:00";4554;80863;;85412
"2022-08-21 00:00:00";4553;80881;;85437
"2022-08-22 00:00:00";4571;80865;;85440
"2022-08-23 00:00:00";4569;80854;;85418
"2022-08-24 00:00:00";4569;80683;;85249
"2022-08-25 00:00:00";4582;80617;;85209
"2022-08-26 00:00:00";4604;80639;;85243
"2022-08-27 00:00:00";4427;80590;;85022
"2022-08-28 00:00:00";4448;80620;;85072
"2022-08-29 00:00:00";4467;80645;;85112
"2022-08-30 00:00:00";4479;80696;;85174
"2022-08-31 00:00:00";4479;80747;;85228
"2022-09-01 00:00:00";4408;80765;;85168
"2022-09-02 00:00:00";4435;80731;;85165
"2022-09-03 00:00:00";4426;80698;;85135
"2022-09-04 00:00:00";4459;80998;;85457
"2022-09-05 00:00:00";4484;81035;;85520
"2022-09-06 00:00:00";4473;80996;;85467
"2022-09-07 00:00:00";4505;80885;;85385
"2022-09-08 00:00:00";4511;80819;;85330
"2022-09-09 00:00:00";4517;80750;;85259
"2022-09-10 00:00:00";4544;80500;;85044
"2022-09-11 00:00:00";4564;80472;;85034
"2022-09-12 00:00:00";4590;80471;;85056
"2022-09-13 00:00:00";4639;80458;;85080
"2022-09-14 00:00:00";4672;80406;;85089
"2022-09-15 00:00:00";4760;80369;;85102
"2022-09-16 00:00:00";4783;80262;;85050
"2022-09-17 00:00:00";4779;80214;;84992
"2022-09-18 00:00:00";4784;80125;;84908
"2022-09-19 00:00:00";4798;80120;;84919
"2022-09-20 00:00:00";4821;80163;;84984
"2022-09-21 00:00:00";4854;80248;;85117
"2022-09-22 00:00:00";4888;80235;;85123
"2022-09-23 00:00:00";4901;80201;;85098
"2022-09-24 00:00:00";4919;80084;;85004
"2022-09-25 00:00:00";4889;80113;;85004
"2022-09-26 00:00:00";4875;80068;;84945
"2022-09-27 00:00:00";4888;80043;;84929
"2022-09-28 00:00:00";4906;79901;;84804
"2022-09-29 00:00:00";4926;79898;;84820
"2022-09-30 00:00:00";4948;79911;;84860
"2022-10-01 00:00:00";4978;79857;;84841
"2022-10-02 00:00:00";5000;79869;;84866
"2022-10-03 00:00:00";5016;79877;;84894
"2022-10-04 00:00:00";5046;79915;;84962
"2022-10-05 00:00:00";5064;79943;;85010
"2022-10-06 00:00:00";5097;79925;;85022
"2022-10-07 00:00:00";5012;79871;;84880
"2022-10-08 00:00:00";5022;79804;;84832
"2022-10-09 00:00:00";5039;79786;;84830
"2022-10-10 00:00:00";5051;79888;;84939
"2022-10-11 00:00:00";5061;79957;;85018
"2022-10-12 00:00:00";5064;79989;;85053
"2022-10-13 00:00:00";5059;79955;;85013
"2022-10-14 00:00:00";5056;79940;;84996
"2022-10-15 00:00:00";5056;79894;;84950
"2022-10-16 00:00:00";5056;79869;;84925
"2022-10-17 00:00:00";5056;79858;;84914
"2022-10-18 00:00:00";5056;79858;;84914
"2022-10-19 00:00:00";5056;79858;;84914
"2022-10-20 00:00:00";5056;79858;;84914
"2022-10-21 00:00:00";5056;79858;;84914
"2022-10-22 00:00:00";5056;79858;;84914
"2022-10-23 00:00:00";5056;79858;;84914
"2022-10-24 00:00:00";5056;79858;;84914
"2022-10-25 00:00:00";5056;79858;;84914
"2022-10-26 00:00:00";5056;79858;;84914
"2022-10-27 00:00:00";5056;79858;;84914
"2022-10-28 00:00:00";5056;79858;;84914
"2022-10-29 00:00:00";5056;79858;;84914
"2022-10-30 00:00:00";5056;79858;;84914
"2022-10-31 00:00:00";5056;79858;;84914
"2022-11-01 00:00:00";5056;79858;;84914
"2022-11-02 00:00:00";5056;79858;;84914
"2022-11-03 00:00:00";5056;79858;;84914
"2022-11-04 00:00:00";5056;79858;;84914
"2022-11-05 00:00:00";5056;79858;;84914
"2022-11-06 00:00:00";5056;79858;;84914
"2022-11-07 00:00:00";5056;79858;;84914
"2022-11-08 00:00:00";5056;79858;;84914
"2022-11-09 00:00:00";5056;79858;;84914
"2022-11-10 00:00:00";5056;79858;;84914
"2022-11-11 00:00:00";5056;79858;;84914
"2022-11-12 00:00:00";5056;79858;;84914
"2022-11-13 00:00:00";5056;79858;;84914
"2022-11-14 00:00:00";5056;79858;;84914
"2022-11-15 00:00:00";5056;79858;;84914
"2022-11-16 00:00:00";5056;79858;;84914
"2022-11-17 00:00:00";5056;79858;;84914
"2022-11-18 00:00:00";5056;79858;;84914
"2022-11-19 00:00:00";5056;79858;;84914
"2022-11-20 00:00:00";5056;79858;;84914
"2022-11-21 00:00:00";5056;79858;;84914
"2022-11-22 00:00:00";5056;79858;;84914
"2022-11-23 00:00:00";5056;79858;;84914
"2022-11-24 00:00:00";5056;79858;;84914
"2022-11-25 00:00:00";5056;79858;;84914
"2022-11-26 00:00:00";5056;79858;;84914
"2022-11-27 00:00:00";5056;79858;;84914
"2022-11-28 00:00:00";5056;79858;;84914
"2022-11-29 00:00:00";5056;79858;;84914
"2022-11-30 00:00:00";5056;79858;;84914
"2022-12-01 00:00:00";5056;79858;;84914
"2022-12-02 00:00:00";5056;79858;;84914
"2022-12-03 00:00:00";5056;79858;;84914
"2022-12-04 00:00:00";5056;79858;;84914
"2022-12-05 00:00:00";5056;79858;;84914
"2022-12-06 00:00:00";5056;79858;;84914
"2022-12-07 00:00:00";5056;79858;;84914
"2022-12-08 00:00:00";5056;79858;;84914
"2022-12-09 00:00:00";5056;79858;;84914
"2022-12-10 00:00:00";5056;79858;;84914
"2022-12-11 00:00:00";5056;79858;;84914
"2022-12-12 00:00:00";5056;79858;;84914
"2022-12-13 00:00:00";5056;79858;;84914
"2022-12-14 00:00:00";5056;79858;;84914
"2022-12-15 00:00:00";5056;79858;;84914
"2022-12-16 00:00:00";5056;79858;;84914
"2022-12-17 00:00:00";5056;79858;;84914
"2022-12-18 00:00:00";5056;79858;;84914
"2022-12-19 00:00:00";5056;79858;;84914
"2022-12-20 00:00:00";5056;79858;;84914
"2022-12-21 00:00:00";5056;79858;;84914
"2022-12-22 00:00:00";5056;79858;;84914
"2022-12-23 00:00:00";5056;79858;;84914
"2022-12-24 00:00:00";5056;79858;;84914
"2022-12-25 00:00:00";5056;79858;;84914
"2022-12-26 00:00:00";5056;79858;;84914
"2022-12-27 00:00:00";5056;79858;;84914
"2022-12-28 00:00:00";5056;79858;;84914
"2022-12-29 00:00:00";5056;79858;;84914
"2022-12-30 00:00:00";5056;79858;;84914
"2022-12-31 00:00:00";5056;79858;;84914
"2023-01-01 00:00:00";5056;79858;;84914
"2023-01-02 00:00:00";5056;79858;;84914
"2023-01-03 00:00:00";5056;79858;;84914
"2023-01-04 00:00:00";5056;79858;;84914
"2023-01-05 00:00:00";5056;79858;;84914
"2023-01-06 00:00:00";5056;79858;;84914
"2023-01-07 00:00:00";5056;79858;;84914
"2023-01-08 00:00:00";5056;79858;;84914
"2023-01-09 00:00:00";5056;79858;;84914
"2023-01-10 00:00:00";5056;79858;;84914
"2023-01-11 00:00:00";5056;79858;;84914
"2023-01-12 00:00:00";5056;79858;;84914
"2023-01-13 00:00:00";4724;76640;;81370
"2023-01-14 00:00:00";4513;76925;;81447
"2023-01-15 00:00:00";4527;76942;;81469
"2023-01-16 00:00:00";4556;77105;;81662
"2023-01-17 00:00:00";4564;77101;;81665
"2023-01-18 00:00:00";4557;77242;;81806
"2023-01-19 00:00:00";4559;77243;;81803
"2023-01-20 00:00:00";4558;77290;;81855
"2023-01-21 00:00:00";4536;77315;;81853
"2023-01-22 00:00:00";4549;77335;;81882
"2023-01-23 00:00:00";4552;77390;;81942
"2023-01-24 00:00:00";4549;77284;;81830
"2023-01-25 00:00:00";4559;77198;;81753
"2023-01-26 00:00:00";4534;77122;;81649
"2023-01-27 00:00:00";4531;77088;;81612
"2023-01-28 00:00:00";4552;77050;;81600
"2023-01-29 00:00:00";4560;77085;;81644
"2023-01-30 00:00:00";4556;77185;;81742
"2023-01-31 00:00:00";4552;77226;;81774
"2023-02-01 00:00:00";4557;77267;;81840
"2023-02-02 00:00:00";4591;77178;;81769
"2023-02-03 00:00:00";4593;77166;;81755
"2023-02-04 00:00:00";4614;77049;;81667
"2023-02-05 00:00:00";4639;77120;;81764
"2023-02-06 00:00:00";4650;77206;;81859
"2023-02-07 00:00:00";4657;77239;;81889
"2023-02-08 00:00:00";4657;77255;;81907
"2023-02-09 00:00:00";4664;77153;;81826
"2023-02-10 00:00:00";4677;77119;;81795
"2023-02-11 00:00:00";4680;76798;;81484
"2023-02-12 00:00:00";4701;76720;;81426
"2023-02-13 00:00:00";4711;76737;;81445
"2023-02-14 00:00:00";4725;76734;;81455
"2023-02-15 00:00:00";4729;76686;;81417
"2023-02-16 00:00:00";4728;76642;;81373
"2023-02-17 00:00:00";4624;76619;;81242
"2023-02-18 00:00:00";4634;76715;;81347
"2023-02-19 00:00:00";4646;76775;;81419
"2023-02-20 00:00:00";4655;76761;;81416
"2023-02-21 00:00:00";4661;76795;;81456
"2023-02-22 00:00:00";4666;76792;;81460
"2023-02-23 00:00:00";4679;76802;;81481
"2023-02-24 00:00:00";4687;76957;;81645
"2023-02-25 00:00:00";4683;76951;;81635
"2023-02-26 00:00:00";4681;77028;;81713
"2023-02-27 00:00:00";4639;77051;;81686
"2023-02-28 00:00:00";4622;76994;;81612
"2023-03-01 00:00:00";4611;76904;;81517
"2023-03-02 00:00:00";4597;76825;;81426
"2023-03-03 00:00:00";4589;76791;;81379
"2023-03-04 00:00:00";4585;76696;;81281
"2023-03-05 00:00:00";4592;76727;;81319
"2023-03-06 00:00:00";4586;76765;;81354
"2023-03-07 00:00:00";4589;76740;;81331
"2023-03-08 00:00:00";4576;76678;;81255
"2023-03-09 00:00:00";4571;76649;;81218
"2023-03-10 00:00:00";4562;76478;;81044
"2023-03-11 00:00:00";4573;76199;;80770
"2023-03-12 00:00:00";4593;76104;;80698
"2023-03-13 00:00:00";4604;76119;;80721
"2023-03-14 00:00:00";4616;76074;;80691
"2023-03-15 00:00:00";4620;76067;;80693
"2023-03-16 00:00:00";4637;75990;;80627
"2023-03-17 00:00:00";4647;75958;;80606
"2023-03-18 00:00:00";4673;75977;;80648
"2023-03-19 00:00:00";4684;76010;;80694
"2023-03-20 00:00:00";4695;75892;;80591
"2023-03-21 00:00:00";4716;75860;;80573
"2023-03-22 00:00:00";4712;75816;;80527
"2023-03-23 00:00:00";4725;75785;;80500
"2023-03-24 00:00:00";4736;75754;;80496
"2023-03-25 00:00:00";4745;75694;;80443
"2023-03-26 00:00:00";4732;75533;;80270
"2023-03-27 00:00:00";4763;75475;;80243
"2023-03-28 00:00:00";4783;75416;;80199
"2023-03-29 00:00:00";4760;75341;;80099
"2023-03-30 00:00:00";4754;75300;;80047
"2023-03-31 00:00:00";4746;75243;;79988
"2023-04-01 00:00:00";4743;75128;;79871
"2023-04-02 00:00:00";4555;75102;;79691
"2023-04-03 00:00:00";4564;75069;;79624
"2023-04-04 00:00:00";4575;75068;;79643
"2023-04-05 00:00:00";4573;75027;;79600
"2023-04-06 00:00:00";4584;74943;;79528
"2023-04-07 00:00:00";4581;74883;;79467
"2023-04-08 00:00:00";4582;74879;;79459
"2023-04-09 00:00:00";4585;74911;;79503
"2023-04-10 00:00:00";4566;74873;;79431
"2023-04-11 00:00:00";4553;74795;;79346
"2023-04-12 00:00:00";4548;74783;;79327
"2023-04-13 00:00:00";4554;74844;;79403
"2023-04-14 00:00:00";4561;74879;;79442
"2023-04-15 00:00:00";4566;74843;;79410
"2023-04-16 00:00:00";4565;74838;;79403
"2023-04-17 00:00:00";4562;74882;;79444
"2023-04-18 00:00:00";4568;74882;;79455
"2023-04-19 00:00:00";4565;74965;;79528
"2023-04-20 00:00:00";4564;74874;;79447
"2023-04-21 00:00:00";4580;74650;;79233
"2023-04-22 00:00:00";4591;74648;;79238
"2023-04-23 00:00:00";4584;74638;;79217
"2023-04-24 00:00:00";4586;74511;;79100
"2023-04-25 00:00:00";4580;74417;;78993
"2023-04-26 00:00:00";4586;74358;;78945
"2023-04-27 00:00:00";4585;74279;;78860
"2023-04-28 00:00:00";4601;74290;;78887
"2023-04-29 00:00:00";4611;74184;;78797
"2023-04-30 00:00:00";4621;74122;;78742
"2023-05-01 00:00:00";4623;74115;;78739
"2023-05-02 00:00:00";4646;74108;;78754
"2023-05-03 00:00:00";4651;74108;;78758
"2023-05-04 00:00:00";4654;74066;;78713
"2023-05-05 00:00:00";4643;73741;;78382
"2023-05-06 00:00:00";4651;73639;;78284
"2023-05-07 00:00:00";4678;73553;;78222
"2023-05-08 00:00:00";4691;73492;;78182
"2023-05-09 00:00:00";4736;73417;;78145
"2023-05-10 00:00:00";4740;73331;;78069
"2023-05-11 00:00:00";4715;73252;;77970
"2023-05-12 00:00:00";4734;73267;;77997
"2023-05-13 00:00:00";4754;73243;;77997
"2023-05-14 00:00:00";4750;72955;;77700
"2023-05-15 00:00:00";4742;72565;;77308
"2023-05-16 00:00:00";4766;72409;;77175
"2023-05-17 00:00:00";4769;72151;;76924
"2023-05-18 00:00:00";4768;71922;;76690
"2023-05-19 00:00:00";4774;71804;;76593
"2023-05-20 00:00:00";4798;71763;;76566
"2023-05-21 00:00:00";4782;71710;;76490
"2023-05-22 00:00:00";4789;71654;;76445
"2023-05-23 00:00:00";4816;71642;;76458
"2023-05-24 00:00:00";4770;71669;;76438
"2023-05-25 00:00:00";4778;71666;;76445
"2023-05-26 00:00:00";4788;71634;;76421
"2023-05-27 00:00:00";4789;71563;;76352
"2023-05-28 00:00:00";4778;71521;;76297
"2023-05-29 00:00:00";4781;71560;;76343
"2023-05-30 00:00:00";4786;71525;;76317
"2023-05-31 00:00:00";4776;71435;;76210
"2023-06-01 00:00:00";4764;71354;;76124
"2023-06-02 00:00:00";4692;71343;;76035
"2023-06-03 00:00:00";4696;71305;;76000
"2023-06-04 00:00:00";4698;71256;;75950
"2023-06-05 00:00:00";4700;71011;;75711
"2023-06-06 00:00:00";4712;70991;;75708
"2023-06-07 00:00:00";4742;71004;;75746
"2023-06-08 00:00:00";4741;71051;;75793
"2023-06-09 00:00:00";4756;71013;;75777
"2023-06-10 00:00:00";4769;70976;;75738
"2023-06-11 00:00:00";4773;70795;;75562
"2023-06-12 00:00:00";4771;70737;;75503
"2023-06-13 00:00:00";4740;70505;;75237
"2023-06-14 00:00:00";4746;70377;;75121
"2023-06-15 00:00:00";4747;70369;;75118
"2023-06-16 00:00:00";4743;70300;;75038
"2023-06-17 00:00:00";4745;70241;;74985
"2023-06-18 00:00:00";4745;70295;;75040
"2023-06-19 00:00:00";4733;70347;;75090
"2023-06-20 00:00:00";4733;70347;;75090
"2023-06-21 00:00:00";4733;70347;;75090
"2023-06-22 00:00:00";4733;70347;;75090
"2023-06-23 00:00:00";4733;70347;;75090
"2023-06-24 00:00:00";4733;70347;;75090
"2023-06-25 00:00:00";4733;70347;;75090
"2023-06-26 00:00:00";4733;70347;;75090
"2023-06-27 00:00:00";4733;70347;;75090
"2023-06-28 00:00:00";4733;70347;;75090
"2023-06-29 00:00:00";4733;70347;;75090
"2023-06-30 00:00:00";4733;70347;;75090
"2023-07-01 00:00:00";4733;70347;;75090
"2023-07-02 00:00:00";4733;70347;;75090
"2023-07-03 00:00:00";4733;70347;;75090
"2023-07-04 00:00:00";4733;70347;;75090
"2023-07-05 00:00:00";4733;70347;;75090
"2023-07-06 00:00:00";4733;70347;;75090
"2023-07-07 00:00:00";4733;70347;;75090
"2023-07-08 00:00:00";4733;70347;;75090
"2023-07-09 00:00:00";4733;70347;;75090
"2023-07-10 00:00:00";4733;70347;;75090
"2023-07-11 00:00:00";4733;70347;;75090
"2023-07-12 00:00:00";4733;70347;;75090
"2023-07-13 00:00:00";4733;70347;;75090
"2023-07-14 00:00:00";4733;70347;;75090
"2023-07-15 00:00:00";4733;70347;;75090
"2023-07-16 00:00:00";4733;70347;;75090
"2023-07-17 00:00:00";4733;70347;;75090
"2023-07-18 00:00:00";4733;70347;;75090
"2023-07-19 00:00:00";4733;70347;;75090
"2023-07-20 00:00:00";4733;70347;;75090
"2023-07-21 00:00:00";4733;70347;;75090
"2023-07-22 00:00:00";4733;70347;;75090
"2023-07-23 00:00:00";4733;70347;;75090
"2023-07-24 00:00:00";4733;70347;;75090
"2023-07-25 00:00:00";4733;70347;;75090
"2023-07-26 00:00:00";4733;70347;;75090
"2023-07-27 00:00:00";4733;70347;;75090
"2023-07-28 00:00:00";4733;70347;;75090
"2023-07-29 00:00:00";4733;70347;;75090
"2023-07-30 00:00:00";4733;70347;;75090
"2023-07-31 00:00:00";4733;70347;;75090
"2023-08-01 00:00:00";4733;70347;;75090
"2023-08-02 00:00:00";4733;70347;;75090
"2023-08-03 00:00:00";4733;70347;;75090
"2023-08-04 00:00:00";4733;70347;;75090
"2023-08-05 00:00:00";4137;68949;;73082
"2023-08-06 00:00:00";4134;69009;;73144
"2023-08-07 00:00:00";4140;69016;;73163
"2023-08-08 00:00:00";4147;68980;;73128
"2023-08-09 00:00:00";4165;68963;;73129
"2023-08-10 00:00:00";4154;68999;;73154
"2023-08-11 00:00:00";4147;68977;;73124
"2023-08-14 00:00:00";4129;68990;;73120
"2023-08-15 00:00:00";4123;68993;;73115
"2023-08-16 00:00:00";4112;68967;;73082
"2023-08-17 00:00:00";4096;68831;;72927
"2023-08-18 00:00:00";4104;68793;;72881
"2023-08-19 00:00:00";4096;68695;;72790
"2023-08-20 00:00:00";4090;68584;;72675
"2023-08-21 00:00:00";4078;68539;;72620
"2023-08-22 00:00:00";4102;68502;;72598
"2023-08-23 00:00:00";4109;68384;;72487
"2023-08-24 00:00:00";4101;68280;;72382
"2023-08-25 00:00:00";4112;68167;;72273
"2023-08-26 00:00:00";4118;68174;;72293
"2023-08-27 00:00:00";4137;68146;;72280
"2023-08-28 00:00:00";4141;68222;;72363
"2023-08-29 00:00:00";4041;68220;;72260
"2023-08-30 00:00:00";4052;68252;;72304
"2023-08-31 00:00:00";4061;68283;;72346
"2023-09-01 00:00:00";4065;68301;;72366
"2023-09-02 00:00:00";4061;68150;;72213
"2023-09-03 00:00:00";4076;68150;;72224
"2023-09-04 00:00:00";4081;68173;;72254
"2023-09-05 00:00:00";4094;68188;;72282
"2023-09-06 00:00:00";4091;68422;;72513
"2023-09-07 00:00:00";4082;68617;;72696
"2023-09-08 00:00:00";4090;68743;;72838
"2023-09-09 00:00:00";4083;68711;;72795
"2023-09-10 00:00:00";4095;68679;;72775
"2023-09-11 00:00:00";4101;68625;;72727
"2023-09-12 00:00:00";4094;68578;;72673
"2023-09-13 00:00:00";4111;68699;;72809
"2023-09-14 00:00:00";4129;68761;;72886
"2023-09-15 00:00:00";4132;68783;;72917
"2023-09-16 00:00:00";4143;68807;;72950
"2023-09-17 00:00:00";4157;68834;;72992
"2023-09-18 00:00:00";4174;68922;;73102
"2023-09-19 00:00:00";4163;68948;;73110
"2023-09-20 00:00:00";4159;69183;;73345
"2023-09-21 00:00:00";4162;69224;;73387
"2023-09-22 00:00:00";4158;69228;;73382
"2023-09-23 00:00:00";4139;69243;;73381
"2023-09-24 00:00:00";4139;69114;;73253
"2023-09-25 00:00:00";3964;67617;;71582
"2023-09-26 00:00:00";3880;66858;;70738
"2023-09-27 00:00:00";3741;64658;;68392
"2023-09-28 00:00:00";3739;64583;;68325
"2023-09-29 00:00:00";3739;64531;;68296
"2023-09-30 00:00:00";3766;64437;;68203
"2023-10-01 00:00:00";3721;63581;;67314
"2023-10-02 00:00:00";3731;63573;;67327
"2023-10-03 00:00:00";3878;63756;;67635
"2023-10-04 00:00:00";4025;64018;;68040
"2023-10-05 00:00:00";4093;64085;;68173
"2023-10-06 00:00:00";4108;64069;;68173
"2023-10-07 00:00:00";4102;64047;;68147
"2023-10-08 00:00:00";4111;64059;;68171
"2023-10-09 00:00:00";4083;64014;;68100
"2023-10-10 00:00:00";4053;64065;;68129
"2023-10-11 00:00:00";4010;63832;;67843
"2023-10-12 00:00:00";4026;63874;;67900
"2023-10-13 00:00:00";4057;63860;;67912
"2023-10-14 00:00:00";4083;63896;;67982
"2023-10-15 00:00:00";4087;64032;;68119
"2023-10-16 00:00:00";4092;64059;;68153
"2023-10-17 00:00:00";4104;64014;;68116
"2023-10-18 00:00:00";4112;63978;;68087
"2023-10-19 00:00:00";4116;63923;;68039
"2023-10-20 00:00:00";4108;63830;;67934
"2023-10-21 00:00:00";4117;63710;;67824
"2023-10-22 00:00:00";4116;63322;;67441
"2023-10-23 00:00:00";4079;63010;;67084
"2023-10-24 00:00:00";4093;62935;;67027
"2023-10-25 00:00:00";4086;62853;;66936
"2023-10-26 00:00:00";4091;62679;;66770
"2023-10-27 00:00:00";4106;62726;;66829
"2023-10-28 00:00:00";4115;62708;;66825
"2023-10-29 00:00:00";4120;62687;;66805
"2023-10-30 00:00:00";4125;62703;;66825
"2023-10-31 00:00:00";4131;62630;;66763
"2023-11-01 00:00:00";4132;62606;;66739
"2023-11-02 00:00:00";4139;62619;;66762
"2023-11-03 00:00:00";4156;62625;;66784
"2023-11-04 00:00:00";4181;62643;;66824
"2023-11-05 00:00:00";4231;62637;;66865
"2023-11-06 00:00:00";4219;62535;;66754
"2023-11-07 00:00:00";4203;62531;;66733
"2023-11-08 00:00:00";4215;62523;;66737
"2023-11-09 00:00:00";4230;62484;;66713
"2023-11-10 00:00:00";4202;62443;;66645
"2023-11-11 00:00:00";4206;62401;;66608
"2023-11-12 00:00:00";4203;62347;;66550
"2023-11-13 00:00:00";4207;62309;;66514
"2023-11-14 00:00:00";4216;62256;;66464
"2023-11-15 00:00:00";4224;62146;;66379
"2023-11-16 00:00:00";4259;62131;;66388
"2023-11-17 00:00:00";4241;62094;;66336
"2023-11-18 00:00:00";4239;62074;;66315
"2023-11-19 00:00:00";4242;62018;;66262
"2023-11-20 00:00:00";4251;62028;;66278
"2023-11-21 00:00:00";4300;62918;;67223
"2023-11-22 00:00:00";4311;62905;;67215
"2023-11-23 00:00:00";4304;62873;;67179
"2023-11-24 00:00:00";4303;62596;;66890
"2023-11-25 00:00:00";4297;62599;;66894
"2023-11-26 00:00:00";4299;62554;;66852
"2023-11-27 00:00:00";4287;62496;;66784
"2023-11-28 00:00:00";4264;62355;;66619
"2023-11-29 00:00:00";4261;62232;;66501
"2023-11-30 00:00:00";4139;62235;;66377
"2023-12-01 00:00:00";4148;62133;;66285
"2023-12-02 00:00:00";4155;62116;;66271
"2023-12-03 00:00:00";4199;62116;;66313
"2023-12-04 00:00:00";4196;62112;;66309
"2023-12-05 00:00:00";4176;62040;;66211
"2023-12-06 00:00:00";4173;61993;;66166
"2023-12-07 00:00:00";4163;61939;;66102
"2023-12-08 00:00:00";4153;61920;;66067
"2023-12-09 00:00:00";4138;61806;;65945
"2023-12-10 00:00:00";4140;61771;;65913
"2023-12-11 00:00:00";4126;61740;;65866
"2023-12-12 00:00:00";4104;61707;;65810
"2023-12-13 00:00:00";4110;61697;;65808
"2023-12-14 00:00:00";4123;61678;;65803
"2023-12-15 00:00:00";4114;61658;;65772
"2023-12-16 00:00:00";4110;61616;;65729
"2023-12-17 00:00:00";4107;61570;;65673
"2023-12-18 00:00:00";4105;61554;;65658
"2023-12-19 00:00:00";4109;61533;;65643
"2023-12-20 00:00:00";4105;61530;;65635
"2023-12-21 00:00:00";4106;61510;;65613
"2023-12-22 00:00:00";4118;61508;;65628
"2023-12-23 00:00:00";4109;61429;;65535
"2023-12-24 00:00:00";4109;61411;;65521
"2023-12-25 00:00:00";4111;61403;;65514
"2023-12-26 00:00:00";4113;61381;;65493
"2023-12-27 00:00:00";4113;61389;;65507
"2023-12-28 00:00:00";4125;61394;;65516
"2023-12-29 00:00:00";4124;61290;;65421
"2023-12-30 00:00:00";4132;61270;;65403
"2023-12-31 00:00:00";4130;61218;;65348
"2024-01-01 00:00:00";4120;61145;;65265
"2024-01-02 00:00:00";4080;61020;;65094
"2024-01-03 00:00:00";4086;60963;;65047
"2024-01-04 00:00:00";4098;60842;;64941
"2024-01-05 00:00:00";4097;60834;;64933
"2024-01-06 00:00:00";4089;60801;;64889
"2024-01-07 00:00:00";4080;60677;;64756
"2024-01-08 00:00:00";4079;60714;;64791
"2024-01-09 00:00:00";4078;60692;;64766
"2024-01-10 00:00:00";4088;60664;;64752
"2024-01-11 00:00:00";3941;60657;;64591
"2024-01-12 00:00:00";3941;60475;;64416
"2024-01-13 00:00:00";3933;60382;;64318
"2024-01-14 00:00:00";3954;60367;;64319
"2024-01-15 00:00:00";3945;60358;;64298
"2024-01-16 00:00:00";3937;60323;;64260
"2024-01-17 00:00:00";3938;60312;;64249
"2024-01-18 00:00:00";3942;60277;;64220
"2024-01-19 00:00:00";3945;60209;;64153
"2024-01-20 00:00:00";3949;60143;;64092
"2024-01-21 00:00:00";3951;60181;;64132
"2024-01-22 00:00:00";3965;60200;;64163
"2024-01-23 00:00:00";3963;60077;;64040
"2024-01-24 00:00:00";3967;60029;;63994
"2024-01-25 00:00:00";3973;59994;;63967
"2024-01-26 00:00:00";3961;59828;;63793
"2024-01-27 00:00:00";3968;59830;;63799
"2024-01-28 00:00:00";3973;59912;;63887
"2024-01-29 00:00:00";3971;59953;;63924
"2024-01-30 00:00:00";3971;59966;;63936
"2024-01-31 00:00:00";3981;59971;;63949
"2024-02-01 00:00:00";4002;59937;;63938
"2024-02-02 00:00:00";3995;59878;;63870
"2024-02-03 00:00:00";3996;59770;;63769
"2024-02-04 00:00:00";3943;59565;;63506
"2024-02-05 00:00:00";3941;59480;;63422
"2024-02-06 00:00:00";3939;59391;;63324
"2024-02-07 00:00:00";3952;59296;;63249
"2024-02-08 00:00:00";3851;59183;;63051
"2024-02-09 00:00:00";3807;59078;;62884
"2024-02-10 00:00:00";3818;58899;;62720
"2024-02-11 00:00:00";3793;58271;;62065
"2024-02-12 00:00:00";3776;57894;;61652
"2024-02-13 00:00:00";3781;57835;;61614
"2024-02-14 00:00:00";3800;57860;;61664
"2024-02-15 00:00:00";3788;57800;;61590
"2024-02-16 00:00:00";3786;57480;;61263
"2024-02-17 00:00:00";3690;57374;;61064
"2024-02-18 00:00:00";3687;57185;;60874
"2024-02-19 00:00:00";3687;57062;;60745
"2024-02-20 00:00:00";3682;56871;;60551
"2024-02-21 00:00:00";3683;56828;;60513
"2024-02-22 00:00:00";3680;56825;;60511
"2024-02-23 00:00:00";3672;56846;;60520
"2024-02-24 00:00:00";3594;56825;;60416
"2024-02-25 00:00:00";3588;56678;;60268
"2024-02-26 00:00:00";3582;56527;;60106
"2024-02-27 00:00:00";3596;56529;;60123
"2024-02-28 00:00:00";3603;56525;;60125
"2024-02-29 00:00:00";3513;56476;;59985
"2024-03-01 00:00:00";3525;56447;;59965
"2024-03-02 00:00:00";3540;56456;;59994
"2024-03-03 00:00:00";3548;56362;;59913
"2024-03-04 00:00:00";3572;56335;;59909
"2024-03-05 00:00:00";3577;56314;;59890
"2024-03-06 00:00:00";3563;56274;;59836
"2024-03-07 00:00:00";3562;56213;;59774
"2024-03-08 00:00:00";3535;56008;;59547
"2024-03-09 00:00:00";3544;55960;;59509
"2024-03-10 00:00:00";3546;55802;;59349
"2024-03-11 00:00:00";3550;55758;;59308
"2024-03-12 00:00:00";3554;55744;;59298
"2024-03-13 00:00:00";3551;55436;;58980
"2024-03-14 00:00:00";3541;55217;;58751
"2024-03-15 00:00:00";3549;55203;;58755
"2024-03-16 00:00:00";3546;55178;;58725
"2024-03-17 00:00:00";3559;55130;;58687
"2024-03-18 00:00:00";3558;55130;;58698
"2024-03-19 00:00:00";3551;55100;;58651
"2024-03-20 00:00:00";3464;54995;;58457
"2024-03-21 00:00:00";3490;54928;;58421
"2024-03-22 00:00:00";3490;54920;;58410
"2024-03-23 00:00:00";3448;54794;;58238
"2024-03-24 00:00:00";3391;54708;;58098
"2024-03-25 00:00:00";3388;54582;;57970
"2024-03-26 00:00:00";3386;54523;;57908
"2024-03-27 00:00:00";3434;54509;;57942
"2024-03-28 00:00:00";3450;54419;;57870
"2024-03-29 00:00:00";3455;54376;;57832
"2024-03-30 00:00:00";3456;54315;;57772
"2024-03-31 00:00:00";3454;54036;;57490
"2024-04-01 00:00:00";3449;54006;;57455
"2024-04-02 00:00:00";3434;53895;;57329
"2024-04-03 00:00:00";3441;53808;;57248
"2024-04-04 00:00:00";3316;53812;;57128
"2024-04-05 00:00:00";3303;53748;;57026
"2024-04-06 00:00:00";3234;53722;;56951
"2024-04-07 00:00:00";3249;53691;;56937
"2024-04-08 00:00:00";3253;53690;;56944
"2024-04-09 00:00:00";3251;53692;;56944
"2024-04-10 00:00:00";3247;53619;;56866
"2024-04-11 00:00:00";3255;53594;;56849
"2024-04-12 00:00:00";3278;53586;;56863
"2024-04-13 00:00:00";3263;53502;;56765
"2024-04-14 00:00:00";3272;53483;;56759
"2024-04-15 00:00:00";3280;53464;;56753
"2024-04-16 00:00:00";3304;53484;;56787
"2024-04-17 00:00:00";3372;53588;;56959
"2024-04-18 00:00:00";3328;53588;;56910
"2024-04-19 00:00:00";3358;53590;;56952
"2024-04-20 00:00:00";3436;53594;;57027
"2024-04-21 00:00:00";3412;53561;;56973
"2024-04-22 00:00:00";3420;53548;;56966
"2024-04-23 00:00:00";3458;53525;;56983
"2024-04-24 00:00:00";3441;53499;;56940
"2024-04-25 00:00:00";3406;53395;;56802
"2024-04-26 00:00:00";3424;53338;;56761
"2024-04-27 00:00:00";3426;53198;;56626
"2024-04-28 00:00:00";3429;53200;;56629
"2024-04-29 00:00:00";3445;53162;;56607
"2024-04-30 00:00:00";3454;53076;;56532
"2024-05-01 00:00:00";3472;53091;;56564
"2024-05-02 00:00:00";3484;53137;;56624
"2024-05-03 00:00:00";3492;53126;;56619
"2024-05-04 00:00:00";3500;53157;;56658
"2024-05-05 00:00:00";3512;53153;;56666
"2024-05-06 00:00:00";3519;53169;;56694
"2024-05-07 00:00:00";3522;53161;;56680
"2024-05-08 00:00:00";3533;53164;;56691
"2024-05-09 00:00:00";3560;53171;;56723
"2024-05-10 00:00:00";3580;53035;;56615
"2024-05-11 00:00:00";3574;53023;;56596
"2024-05-12 00:00:00";3554;52774;;56327
"2024-05-13 00:00:00";3559;52795;;56353
"2024-05-14 00:00:00";3538;52794;;56340
"2024-05-15 00:00:00";3544;52781;;56327
"2024-05-16 00:00:00";3501;52792;;56292
"2024-05-17 00:00:00";3503;52753;;56258
"2024-05-18 00:00:00";3513;52721;;56234
"2024-05-19 00:00:00";3515;52716;;56232
"2024-05-20 00:00:00";3511;52737;;56247
"2024-05-21 00:00:00";3517;52762;;56279
"2024-05-22 00:00:00";3534;52785;;56318
"2024-05-23 00:00:00";3558;52757;;56315
"2024-05-24 00:00:00";3583;52743;;56327
"2024-05-25 00:00:00";3593;52762;;56357
"2024-05-26 00:00:00";3603;52797;;56400
"2024-05-27 00:00:00";3614;52791;;56403
"2024-05-28 00:00:00";3569;52800;;56381
"2024-05-29 00:00:00";3576;52838;;56414