"DateTime";"Without Channels";"With Channels"
"2018-01-19 00:00:00";;54
"2018-01-20 00:00:00";;60
"2018-01-21 00:00:00";;78
"2018-01-22 00:00:00";;101
"2018-01-23 00:00:00";;128
"2018-01-24 00:00:00";;162
"2018-01-25 00:00:00";;179
"2018-01-26 00:00:00";;206
"2018-01-27 00:00:00";;225
"2018-01-28 00:00:00";;244
"2018-01-29 00:00:00";;271
"2018-01-30 00:00:00";;286
"2018-01-31 00:00:00";;302
"2018-02-01 00:00:00";;311
"2018-02-02 00:00:00";;338
"2018-02-03 00:00:00";;338
"2018-02-04 00:00:00";;381
"2018-02-05 00:00:00";;393
"2018-02-06 00:00:00";;405
"2018-02-07 00:00:00";;424
"2018-02-08 00:00:00";;445
"2018-02-09 00:00:00";;464
"2018-02-10 00:00:00";;474
"2018-02-11 00:00:00";138;492
"2018-02-12 00:00:00";146;495
"2018-02-13 00:00:00";155;505
"2018-02-14 00:00:00";171;516
"2018-02-15 00:00:00";179;523
"2018-02-16 00:00:00";201;522
"2018-02-17 00:00:00";204;536
"2018-02-18 00:00:00";207;547
"2018-02-19 00:00:00";213;557
"2018-02-20 00:00:00";220;569
"2018-02-21 00:00:00";235;576
"2018-02-22 00:00:00";240;586
"2018-02-23 00:00:00";265;581
"2018-02-24 00:00:00";282;573
"2018-02-25 00:00:00";289;578
"2018-02-26 00:00:00";284;594
"2018-02-27 00:00:00";308;581
"2018-02-28 00:00:00";307;585
"2018-03-01 00:00:00";311;590
"2018-03-02 00:00:00";330;585
"2018-03-03 00:00:00";322;605
"2018-03-04 00:00:00";322;615
"2018-03-05 00:00:00";323;621
"2018-03-06 00:00:00";325;624
"2018-03-07 00:00:00";331;624
"2018-03-08 00:00:00";343;626
"2018-03-09 00:00:00";356;623
"2018-03-10 00:00:00";365;620
"2018-03-11 00:00:00";379;609
"2018-03-12 00:00:00";380;616
"2018-03-13 00:00:00";385;615
"2018-03-14 00:00:00";396;613
"2018-03-15 00:00:00";407;608
"2018-03-16 00:00:00";207;610
"2018-03-17 00:00:00";224;634
"2018-03-18 00:00:00";267;655
"2018-03-19 00:00:00";274;672
"2018-03-20 00:00:00";281;706
"2018-03-21 00:00:00";293;716
"2018-03-22 00:00:00";302;740
"2018-03-23 00:00:00";337;738
"2018-03-24 00:00:00";365;737
"2018-03-25 00:00:00";372;753
"2018-03-26 00:00:00";543;768
"2018-03-27 00:00:00";582;761
"2018-03-28 00:00:00";592;778
"2018-03-29 00:00:00";600;813
"2018-03-30 00:00:00";611;840
"2018-03-31 00:00:00";621;854
"2018-04-01 00:00:00";623;882
"2018-04-02 00:00:00";650;876
"2018-04-03 00:00:00";653;909
"2018-04-04 00:00:00";656;922
"2018-04-05 00:00:00";713;891
"2018-04-06 00:00:00";710;950
"2018-04-07 00:00:00";717;974
"2018-04-08 00:00:00";730;987
"2018-04-09 00:00:00";741;1000
"2018-04-10 00:00:00";748;1014
"2018-04-11 00:00:00";753;1030
"2018-04-12 00:00:00";766;1037
"2018-04-13 00:00:00";780;1017
"2018-04-14 00:00:00";818;1028
"2018-04-15 00:00:00";848;1020
"2018-04-16 00:00:00";860;1031
"2018-04-17 00:00:00";863;1052
"2018-04-18 00:00:00";890;1052
"2018-04-19 00:00:00";903;1054
"2018-04-20 00:00:00";910;1061
"2018-04-21 00:00:00";910;1080
"2018-04-22 00:00:00";919;1087
"2018-04-23 00:00:00";921;1097
"2018-04-24 00:00:00";946;1091
"2018-04-25 00:00:00";961;1084
"2018-04-26 00:00:00";926;1139
"2018-04-27 00:00:00";929;1154
"2018-04-28 00:00:00";932;1168
"2018-04-29 00:00:00";925;1186
"2018-04-30 00:00:00";832;1302
"2018-05-01 00:00:00";832;1302
"2018-05-02 00:00:00";832;1302
"2018-05-03 00:00:00";948;1232
"2018-05-04 00:00:00";948;1254
"2018-05-05 00:00:00";954;1274
"2018-05-06 00:00:00";958;1278
"2018-05-07 00:00:00";983;1275
"2018-05-08 00:00:00";990;1282
"2018-05-09 00:00:00";996;1286
"2018-05-10 00:00:00";1002;1284
"2018-05-11 00:00:00";1009;1286
"2018-05-12 00:00:00";1049;1253
"2018-05-13 00:00:00";1030;1289
"2018-05-14 00:00:00";1031;1295
"2018-05-15 00:00:00";1047;1290
"2018-05-16 00:00:00";1052;1290
"2018-05-17 00:00:00";1057;1293
"2018-05-18 00:00:00";1047;1311
"2018-05-19 00:00:00";1046;1322
"2018-05-20 00:00:00";1046;1331
"2018-05-21 00:00:00";1054;1328
"2018-05-22 00:00:00";1056;1330
"2018-05-23 00:00:00";1041;1352
"2018-05-24 00:00:00";1038;1362
"2018-05-25 00:00:00";1041;1364
"2018-05-26 00:00:00";1064;1348
"2018-05-27 00:00:00";1074;1341
"2018-05-28 00:00:00";1076;1342
"2018-05-29 00:00:00";1077;1347
"2018-05-30 00:00:00";1083;1350
"2018-05-31 00:00:00";1083;1362
"2018-06-01 00:00:00";1084;1367
"2018-06-02 00:00:00";1094;1366
"2018-06-03 00:00:00";1105;1361
"2018-06-04 00:00:00";1102;1373
"2018-06-05 00:00:00";1119;1373
"2018-06-06 00:00:00";1146;1363
"2018-06-07 00:00:00";831;1678
"2018-06-08 00:00:00";831;1678
"2018-06-09 00:00:00";1143;1394
"2018-06-10 00:00:00";1149;1395
"2018-06-11 00:00:00";1150;1401
"2018-06-12 00:00:00";1189;1379
"2018-06-13 00:00:00";1189;1390
"2018-06-14 00:00:00";1197;1398
"2018-06-15 00:00:00";1196;1414
"2018-06-16 00:00:00";1202;1423
"2018-06-17 00:00:00";1204;1433
"2018-06-18 00:00:00";1215;1439
"2018-06-19 00:00:00";1218;1446
"2018-06-20 00:00:00";1238;1433
"2018-06-21 00:00:00";1247;1437
"2018-06-22 00:00:00";1264;1430
"2018-06-23 00:00:00";1271;1431
"2018-06-24 00:00:00";1280;1427
"2018-06-25 00:00:00";1293;1417
"2018-06-26 00:00:00";1282;1463
"2018-06-27 00:00:00";1284;1466
"2018-06-28 00:00:00";1289;1485
"2018-06-29 00:00:00";1295;1492
"2018-06-30 00:00:00";1323;1482
"2018-07-01 00:00:00";1323;1495
"2018-07-02 00:00:00";1334;1499
"2018-07-03 00:00:00";1343;1501
"2018-07-04 00:00:00";1376;1486
"2018-07-05 00:00:00";1379;1503
"2018-07-06 00:00:00";1381;1511
"2018-07-07 00:00:00";1391;1511
"2018-07-08 00:00:00";1403;1508
"2018-07-09 00:00:00";1405;1512
"2018-07-10 00:00:00";1413;1515
"2018-07-11 00:00:00";1413;1526
"2018-07-12 00:00:00";1417;1529
"2018-07-13 00:00:00";1419;1539
"2018-07-14 00:00:00";1437;1524
"2018-07-15 00:00:00";1444;1524
"2018-07-16 00:00:00";1466;1513
"2018-07-17 00:00:00";1483;1507
"2018-07-18 00:00:00";1501;1502
"2018-07-19 00:00:00";1513;1502
"2018-07-20 00:00:00";1513;1517
"2018-07-21 00:00:00";1514;1526
"2018-07-22 00:00:00";1526;1527
"2018-07-23 00:00:00";1538;1526
"2018-07-24 00:00:00";1589;1495
"2018-07-25 00:00:00";1632;1462
"2018-07-26 00:00:00";1678;1432
"2018-07-27 00:00:00";0;1442
"2018-07-28 00:00:00";0;1461
"2018-07-29 00:00:00";0;1450
"2018-07-30 00:00:00";0;1455
"2018-07-31 00:00:00";0;1458
"2018-08-01 00:00:00";1;1422
"2018-08-02 00:00:00";1;1395
"2018-08-03 00:00:00";1;1381
"2018-08-04 00:00:00";0;1481
"2018-08-05 00:00:00";0;1482
"2018-08-06 00:00:00";0;1483
"2018-08-07 00:00:00";0;1494
"2018-08-08 00:00:00";0;1496
"2018-08-09 00:00:00";0;1496
"2018-08-10 00:00:00";0;1485
"2018-08-11 00:00:00";0;1487
"2018-08-12 00:00:00";0;1489
"2018-08-13 00:00:00";0;1490
"2018-08-14 00:00:00";0;1494
"2018-08-15 00:00:00";0;1497
"2018-08-16 00:00:00";0;1504
"2018-08-17 00:00:00";0;1520
"2018-08-18 00:00:00";0;1531
"2018-08-19 00:00:00";0;1519
"2018-08-20 00:00:00";0;1519
"2018-08-21 00:00:00";0;1512
"2018-08-22 00:00:00";0;1541
"2018-08-23 00:00:00";0;1544
"2018-08-24 00:00:00";0;1549
"2018-08-25 00:00:00";0;1560
"2018-08-26 00:00:00";0;1562
"2018-08-27 00:00:00";0;1562
"2018-08-28 00:00:00";0;1572
"2018-08-29 00:00:00";0;1580
"2018-08-30 00:00:00";0;1603
"2018-08-31 00:00:00";0;1616
"2018-09-01 00:00:00";0;1627
"2018-09-02 00:00:00";0;1624
"2018-09-03 00:00:00";1;1625
"2018-09-04 00:00:00";0;1631
"2018-09-05 00:00:00";0;1634
"2018-09-06 00:00:00";0;1638
"2018-09-07 00:00:00";0;1623
"2018-09-08 00:00:00";0;1622
"2018-09-09 00:00:00";0;1622
"2018-09-10 00:00:00";0;1626
"2018-09-11 00:00:00";0;1627
"2018-09-12 00:00:00";0;1629
"2018-09-13 00:00:00";0;1622
"2018-09-14 00:00:00";0;1626
"2018-09-15 00:00:00";0;1606
"2018-09-16 00:00:00";0;1615
"2018-09-17 00:00:00";0;1620
"2018-09-18 00:00:00";0;1628
"2018-09-19 00:00:00";0;1571
"2018-09-20 00:00:00";0;1569
"2018-09-21 00:00:00";0;1550
"2018-09-22 00:00:00";0;1548
"2018-09-23 00:00:00";0;1553
"2018-09-24 00:00:00";0;1560
"2018-09-25 00:00:00";0;1564
"2018-09-26 00:00:00";0;1566
"2018-09-27 00:00:00";0;1568
"2018-09-28 00:00:00";0;1574
"2018-09-29 00:00:00";0;1582
"2018-09-30 00:00:00";0;1588
"2018-10-01 00:00:00";0;1593
"2018-10-02 00:00:00";0;1658
"2018-10-03 00:00:00";0;1659
"2018-10-04 00:00:00";0;1672
"2018-10-05 00:00:00";0;1665
"2018-10-06 00:00:00";0;1665
"2018-10-07 00:00:00";0;1665
"2018-10-08 00:00:00";0;1665
"2018-10-09 00:00:00";0;1665
"2018-10-10 00:00:00";0;1665
"2018-10-11 00:00:00";0;1665
"2018-10-12 00:00:00";0;1681
"2018-10-13 00:00:00";0;1683
"2018-10-14 00:00:00";0;1680
"2018-10-15 00:00:00";0;1681
"2018-10-16 00:00:00";0;1677
"2018-10-17 00:00:00";0;1675
"2018-10-18 00:00:00";0;1668
"2018-10-19 00:00:00";0;1675
"2018-10-20 00:00:00";0;1689
"2018-10-21 00:00:00";0;1692
"2018-10-22 00:00:00";0;1709
"2018-10-23 00:00:00";0;1685
"2018-10-24 00:00:00";0;1681
"2018-10-25 00:00:00";47;1643
"2018-10-26 00:00:00";48;1646
"2018-10-27 00:00:00";47;1658
"2018-10-28 00:00:00";47;1662
"2018-10-29 00:00:00";47;1666
"2018-10-30 00:00:00";47;1674
"2018-10-31 00:00:00";48;1675
"2018-11-01 00:00:00";48;1691
"2018-11-02 00:00:00";49;1691
"2018-11-03 00:00:00";48;1695
"2018-11-04 00:00:00";49;1699
"2018-11-05 00:00:00";49;1704
"2018-11-06 00:00:00";48;1710
"2018-11-07 00:00:00";48;1710
"2018-11-08 00:00:00";48;1697
"2018-11-09 00:00:00";48;1699
"2018-11-10 00:00:00";48;1698
"2018-11-11 00:00:00";49;1702
"2018-11-12 00:00:00";49;1702
"2018-11-13 00:00:00";49;1699
"2018-11-14 00:00:00";49;1703
"2018-11-15 00:00:00";49;1716
"2018-11-16 00:00:00";49;1733
"2018-11-17 00:00:00";49;1749
"2018-11-18 00:00:00";48;1755
"2018-11-19 00:00:00";48;1763
"2018-11-20 00:00:00";48;1891
"2018-11-21 00:00:00";48;1891
"2018-11-22 00:00:00";48;1874
"2018-11-23 00:00:00";54;1789
"2018-11-24 00:00:00";52;1798
"2018-11-25 00:00:00";62;1810
"2018-11-26 00:00:00";52;1816
"2018-11-27 00:00:00";50;1853
"2018-11-28 00:00:00";50;1836
"2018-11-29 00:00:00";52;1830
"2018-11-30 00:00:00";53;1838
"2018-12-01 00:00:00";53;1842
"2018-12-02 00:00:00";54;1857
"2018-12-03 00:00:00";54;1860
"2018-12-04 00:00:00";54;1863
"2018-12-05 00:00:00";53;1878
"2018-12-06 00:00:00";54;1891
"2018-12-07 00:00:00";52;1908
"2018-12-08 00:00:00";52;1891
"2018-12-09 00:00:00";52;1894
"2018-12-10 00:00:00";58;1886
"2018-12-11 00:00:00";58;1891
"2018-12-12 00:00:00";58;1907
"2018-12-13 00:00:00";58;1920
"2018-12-14 00:00:00";58;1929
"2018-12-15 00:00:00";58;1935
"2018-12-16 00:00:00";56;1951
"2018-12-17 00:00:00";56;1979
"2018-12-18 00:00:00";57;1992
"2018-12-19 00:00:00";57;2019
"2018-12-20 00:00:00";56;2057
"2018-12-21 00:00:00";55;2077
"2018-12-22 00:00:00";54;2096
"2018-12-23 00:00:00";54;2110
"2018-12-24 00:00:00";54;2130
"2018-12-25 00:00:00";55;2157
"2018-12-26 00:00:00";55;2157
"2018-12-27 00:00:00";55;2157
"2018-12-28 00:00:00";55;2157
"2018-12-29 00:00:00";55;2157
"2018-12-30 00:00:00";55;2157
"2018-12-31 00:00:00";55;2157
"2019-01-01 00:00:00";1;2297
"2019-01-02 00:00:00";54;2322
"2019-01-03 00:00:00";56;2342
"2019-01-04 00:00:00";53;2373
"2019-01-05 00:00:00";53;2395
"2019-01-06 00:00:00";54;2418
"2019-01-07 00:00:00";53;2443
"2019-01-08 00:00:00";1;2455
"2019-01-09 00:00:00";1;2467
"2019-01-10 00:00:00";1;2492
"2019-01-11 00:00:00";1;2505
"2019-01-12 00:00:00";1;2531
"2019-01-13 00:00:00";1;2559
"2019-01-14 00:00:00";1;2577
"2019-01-15 00:00:00";1;2592
"2019-01-16 00:00:00";1;2617
"2019-01-17 00:00:00";1;2606
"2019-01-18 00:00:00";1;2594
"2019-01-19 00:00:00";1;2591
"2019-01-20 00:00:00";61;2707
"2019-01-21 00:00:00";59;2722
"2019-01-22 00:00:00";60;2730
"2019-01-23 00:00:00";60;2750
"2019-01-24 00:00:00";504;2747
"2019-01-25 00:00:00";505;2900
"2019-01-26 00:00:00";60;2770
"2019-01-27 00:00:00";61;2781
"2019-01-28 00:00:00";58;2802
"2019-01-29 00:00:00";59;2810
"2019-01-30 00:00:00";61;2824
"2019-01-31 00:00:00";62;2840
"2019-02-01 00:00:00";63;2861
"2019-02-02 00:00:00";63;2887
"2019-02-03 00:00:00";63;2895
"2019-02-04 00:00:00";64;2912
"2019-02-05 00:00:00";64;2927
"2019-02-06 00:00:00";64;2958
"2019-02-07 00:00:00";65;2978
"2019-02-08 00:00:00";64;2989
"2019-02-09 00:00:00";62;3020
"2019-02-10 00:00:00";62;3051
"2019-02-11 00:00:00";63;3084
"2019-02-12 00:00:00";63;3145
"2019-02-13 00:00:00";63;3173
"2019-02-14 00:00:00";62;3206
"2019-02-15 00:00:00";63;3223
"2019-02-16 00:00:00";63;3237
"2019-02-17 00:00:00";63;3254
"2019-02-18 00:00:00";63;3281
"2019-02-19 00:00:00";62;3308
"2019-02-20 00:00:00";62;3336
"2019-02-21 00:00:00";62;3356
"2019-02-22 00:00:00";1;3353
"2019-02-23 00:00:00";61;3432
"2019-02-24 00:00:00";61;3481
"2019-02-25 00:00:00";61;3527
"2019-02-26 00:00:00";62;3560
"2019-02-27 00:00:00";1;3548
"2019-02-28 00:00:00";1;3561
"2019-03-01 00:00:00";1;3592
"2019-03-02 00:00:00";1;3618
"2019-03-03 00:00:00";1;3642
"2019-03-04 00:00:00";64;3632
"2019-03-05 00:00:00";61;3721
"2019-03-06 00:00:00";1;3702
"2019-03-07 00:00:00";60;3742
"2019-03-08 00:00:00";59;3796
"2019-03-09 00:00:00";59;3818
"2019-03-10 00:00:00";58;3879
"2019-03-11 00:00:00";58;3909
"2019-03-12 00:00:00";1;3817
"2019-03-13 00:00:00";58;3953
"2019-03-14 00:00:00";58;3978
"2019-03-15 00:00:00";58;4002
"2019-03-16 00:00:00";1;3900
"2019-03-17 00:00:00";56;4016
"2019-03-18 00:00:00";57;4017
"2019-03-19 00:00:00";59;4020
"2019-03-20 00:00:00";57;4019
"2019-03-21 00:00:00";57;4043
"2019-03-22 00:00:00";57;4053
"2019-03-23 00:00:00";56;4064
"2019-03-24 00:00:00";56;4062
"2019-03-25 00:00:00";58;4057
"2019-03-26 00:00:00";60;4057
"2019-03-27 00:00:00";59;4063
"2019-03-28 00:00:00";59;4081
"2019-03-29 00:00:00";59;4091
"2019-03-30 00:00:00";57;4098
"2019-03-31 00:00:00";56;4123
"2019-04-01 00:00:00";57;4131
"2019-04-02 00:00:00";56;4133
"2019-04-03 00:00:00";56;4136
"2019-04-04 00:00:00";1;4088
"2019-04-05 00:00:00";1;4096
"2019-04-06 00:00:00";52;4121
"2019-04-07 00:00:00";53;4135
"2019-04-08 00:00:00";54;4142
"2019-04-09 00:00:00";54;4140
"2019-04-10 00:00:00";55;4143
"2019-04-11 00:00:00";54;4165
"2019-04-12 00:00:00";54;4172
"2019-04-13 00:00:00";54;4180
"2019-04-14 00:00:00";54;4184
"2019-04-15 00:00:00";54;4191
"2019-04-16 00:00:00";54;4189
"2019-04-17 00:00:00";54;4200
"2019-04-18 00:00:00";55;4218
"2019-04-19 00:00:00";55;4226
"2019-04-20 00:00:00";55;4231
"2019-04-21 00:00:00";55;4228
"2019-04-22 00:00:00";55;4239
"2019-04-23 00:00:00";55;4242
"2019-04-24 00:00:00";55;4239
"2019-04-25 00:00:00";56;4266
"2019-04-26 00:00:00";55;4268
"2019-04-27 00:00:00";55;4285
"2019-04-28 00:00:00";55;4292
"2019-04-29 00:00:00";55;4316
"2019-04-30 00:00:00";56;4317
"2019-05-01 00:00:00";56;4308
"2019-05-02 00:00:00";55;4311
"2019-05-03 00:00:00";55;4305
"2019-05-04 00:00:00";55;4284
"2019-05-05 00:00:00";55;4283
"2019-05-06 00:00:00";55;4291
"2019-05-07 00:00:00";56;4295
"2019-05-08 00:00:00";57;4300
"2019-05-09 00:00:00";57;4308
"2019-05-10 00:00:00";1;4268
"2019-05-11 00:00:00";1;4285
"2019-05-12 00:00:00";1;4287
"2019-05-13 00:00:00";1;4285
"2019-05-14 00:00:00";1;4290
"2019-05-15 00:00:00";1;4292
"2019-05-16 00:00:00";1;4290
"2019-05-17 00:00:00";1;4300
"2019-05-18 00:00:00";1;4310
"2019-05-19 00:00:00";1;4315
"2019-05-20 00:00:00";1;4320
"2019-05-21 00:00:00";57;4366
"2019-05-22 00:00:00";57;4380
"2019-05-23 00:00:00";56;4388
"2019-05-24 00:00:00";56;4398
"2019-05-25 00:00:00";56;4400
"2019-05-26 00:00:00";56;4406
"2019-05-27 00:00:00";57;4415
"2019-05-28 00:00:00";57;4421
"2019-05-29 00:00:00";57;4430
"2019-05-30 00:00:00";57;4434
"2019-05-31 00:00:00";57;4440
"2019-06-01 00:00:00";57;4449
"2019-06-02 00:00:00";57;4460
"2019-06-03 00:00:00";57;4459
"2019-06-04 00:00:00";56;4461
"2019-06-05 00:00:00";57;4465
"2019-06-06 00:00:00";57;4468
"2019-06-07 00:00:00";59;4474
"2019-06-08 00:00:00";59;4473
"2019-06-09 00:00:00";59;4481
"2019-06-10 00:00:00";59;4468
"2019-06-11 00:00:00";59;4459
"2019-06-12 00:00:00";58;4462
"2019-06-13 00:00:00";59;4462
"2019-06-14 00:00:00";60;4473
"2019-06-15 00:00:00";60;4476
"2019-06-16 00:00:00";60;4481
"2019-06-17 00:00:00";60;4485
"2019-06-18 00:00:00";59;4483
"2019-06-19 00:00:00";59;4494
"2019-06-20 00:00:00";69;4501
"2019-06-21 00:00:00";72;4501
"2019-06-22 00:00:00";74;4495
"2019-06-23 00:00:00";74;4491
"2019-06-24 00:00:00";77;4501
"2019-06-25 00:00:00";77;4502
"2019-06-26 00:00:00";78;4501
"2019-06-27 00:00:00";80;4500
"2019-06-28 00:00:00";80;4499
"2019-06-29 00:00:00";80;4502
"2019-06-30 00:00:00";81;4495
"2019-07-01 00:00:00";81;4495
"2019-07-02 00:00:00";80;4498
"2019-07-03 00:00:00";81;4501
"2019-07-04 00:00:00";82;4496
"2019-07-05 00:00:00";81;4495
"2019-07-06 00:00:00";80;4499
"2019-07-07 00:00:00";79;4504
"2019-07-08 00:00:00";80;4507
"2019-07-09 00:00:00";79;4518
"2019-07-10 00:00:00";80;4514
"2019-07-11 00:00:00";80;4508
"2019-07-12 00:00:00";81;4507
"2019-07-13 00:00:00";81;4512
"2019-07-14 00:00:00";81;4508
"2019-07-15 00:00:00";80;4509
"2019-07-16 00:00:00";80;4516
"2019-07-17 00:00:00";80;4497
"2019-07-18 00:00:00";79;4497
"2019-07-19 00:00:00";79;4501
"2019-07-20 00:00:00";78;4508
"2019-07-21 00:00:00";78;4513
"2019-07-22 00:00:00";78;4522
"2019-07-23 00:00:00";78;4524
"2019-07-24 00:00:00";77;4529
"2019-07-25 00:00:00";77;4529
"2019-07-26 00:00:00";77;4534
"2019-07-27 00:00:00";77;4535
"2019-07-28 00:00:00";76;4542
"2019-07-29 00:00:00";75;4546
"2019-07-30 00:00:00";75;4548
"2019-07-31 00:00:00";75;4544
"2019-08-01 00:00:00";75;4525
"2019-08-02 00:00:00";75;4601
"2019-08-03 00:00:00";76;4628
"2019-08-04 00:00:00";75;4653
"2019-08-05 00:00:00";75;4667
"2019-08-06 00:00:00";75;4687
"2019-08-07 00:00:00";75;4690
"2019-08-08 00:00:00";75;4699
"2019-08-09 00:00:00";76;4709
"2019-08-10 00:00:00";75;4718
"2019-08-11 00:00:00";75;4723
"2019-08-12 00:00:00";75;4719
"2019-08-13 00:00:00";72;4720
"2019-08-14 00:00:00";72;4723
"2019-08-15 00:00:00";72;4724
"2019-08-16 00:00:00";72;4729
"2019-08-17 00:00:00";72;4730
"2019-08-18 00:00:00";72;4736
"2019-08-19 00:00:00";72;4735
"2019-08-20 00:00:00";72;4735
"2019-08-21 00:00:00";72;4735
"2019-08-22 00:00:00";71;4748
"2019-08-23 00:00:00";71;4750
"2019-08-24 00:00:00";70;4752
"2019-08-25 00:00:00";70;4754
"2019-08-26 00:00:00";71;4760
"2019-08-27 00:00:00";71;4759
"2019-08-28 00:00:00";71;4762
"2019-08-29 00:00:00";71;4765
"2019-08-30 00:00:00";71;4763
"2019-08-31 00:00:00";72;4759
"2019-09-01 00:00:00";72;4763
"2019-09-02 00:00:00";1;4695
"2019-09-03 00:00:00";73;4718
"2019-09-04 00:00:00";73;4724
"2019-09-05 00:00:00";73;4736
"2019-09-06 00:00:00";73;4740
"2019-09-07 00:00:00";73;4749
"2019-09-08 00:00:00";73;4752
"2019-09-09 00:00:00";73;4769
"2019-09-10 00:00:00";73;4772
"2019-09-11 00:00:00";74;4774
"2019-09-12 00:00:00";72;4771
"2019-09-13 00:00:00";71;4760
"2019-09-14 00:00:00";71;4753
"2019-09-15 00:00:00";72;4750
"2019-09-16 00:00:00";74;4753
"2019-09-17 00:00:00";73;4750
"2019-09-18 00:00:00";73;4749
"2019-09-19 00:00:00";73;4751
"2019-09-20 00:00:00";74;4752
"2019-09-21 00:00:00";74;4758
"2019-09-22 00:00:00";74;4768
"2019-09-23 00:00:00";74;4774
"2019-09-24 00:00:00";73;4769
"2019-09-25 00:00:00";75;4776
"2019-09-26 00:00:00";75;4772
"2019-09-27 00:00:00";76;4779
"2019-09-28 00:00:00";75;4781
"2019-09-29 00:00:00";76;4764
"2019-09-30 00:00:00";76;4758
"2019-10-01 00:00:00";76;4760
"2019-10-02 00:00:00";76;4756
"2019-10-03 00:00:00";75;4755
"2019-10-04 00:00:00";74;4759
"2019-10-05 00:00:00";74;4763
"2019-10-06 00:00:00";75;4757
"2019-10-07 00:00:00";75;4757
"2019-10-08 00:00:00";73;4765
"2019-10-09 00:00:00";73;4772
"2019-10-10 00:00:00";73;4728
"2019-10-11 00:00:00";74;4676
"2019-10-12 00:00:00";74;4683
"2019-10-13 00:00:00";74;4687
"2019-10-14 00:00:00";76;4691
"2019-10-15 00:00:00";76;4700
"2019-10-16 00:00:00";77;4700
"2019-10-17 00:00:00";77;4709
"2019-10-18 00:00:00";78;4713
"2019-10-19 00:00:00";79;4742
"2019-10-20 00:00:00";80;4749
"2019-10-21 00:00:00";80;4754
"2019-10-22 00:00:00";82;4752
"2019-10-23 00:00:00";81;4758
"2019-10-24 00:00:00";82;4753
"2019-10-25 00:00:00";82;4758
"2019-10-26 00:00:00";82;4757
"2019-10-27 00:00:00";82;4755
"2019-10-28 00:00:00";82;4759
"2019-10-29 00:00:00";82;4759
"2019-10-30 00:00:00";82;4763
"2019-10-31 00:00:00";82;4765
"2019-11-01 00:00:00";81;4764
"2019-11-02 00:00:00";80;4763
"2019-11-03 00:00:00";81;4774
"2019-11-04 00:00:00";81;4767
"2019-11-05 00:00:00";82;4751
"2019-11-06 00:00:00";81;4729
"2019-11-07 00:00:00";81;4730
"2019-11-08 00:00:00";80;4730
"2019-11-09 00:00:00";80;4730
"2019-11-10 00:00:00";80;4733
"2019-11-11 00:00:00";80;4725
"2019-11-12 00:00:00";80;4724
"2019-11-13 00:00:00";81;4726
"2019-11-14 00:00:00";81;4736
"2019-11-15 00:00:00";81;4740
"2019-11-16 00:00:00";81;4747
"2019-11-17 00:00:00";81;4752
"2019-11-18 00:00:00";82;4761
"2019-11-19 00:00:00";81;4764
"2019-11-20 00:00:00";81;4804
"2019-11-21 00:00:00";81;4813
"2019-11-22 00:00:00";82;4825
"2019-11-23 00:00:00";82;4860
"2019-11-24 00:00:00";83;4865
"2019-11-25 00:00:00";83;4869
"2019-11-26 00:00:00";83;4867
"2019-11-27 00:00:00";83;4893
"2019-11-28 00:00:00";83;4903
"2019-11-29 00:00:00";83;4901
"2019-11-30 00:00:00";85;4906
"2019-12-01 00:00:00";85;4907
"2019-12-02 00:00:00";85;4905
"2019-12-03 00:00:00";84;4910
"2019-12-04 00:00:00";84;4907
"2019-12-05 00:00:00";84;4902
"2019-12-06 00:00:00";84;4902
"2019-12-07 00:00:00";85;4907
"2019-12-08 00:00:00";85;4912
"2019-12-09 00:00:00";85;4914
"2019-12-10 00:00:00";86;4918
"2019-12-11 00:00:00";85;4940
"2019-12-12 00:00:00";85;4941
"2019-12-13 00:00:00";84;4947
"2019-12-14 00:00:00";84;4954
"2019-12-15 00:00:00";85;4952
"2019-12-16 00:00:00";1;4842
"2019-12-17 00:00:00";1;4849
"2019-12-18 00:00:00";1;4861
"2019-12-19 00:00:00";1;4883
"2019-12-20 00:00:00";1;4883
"2019-12-21 00:00:00";1;4893
"2019-12-22 00:00:00";1;4891
"2019-12-23 00:00:00";1;4887
"2019-12-24 00:00:00";1;4893
"2019-12-25 00:00:00";1;4900
"2019-12-26 00:00:00";1;4904
"2019-12-27 00:00:00";1;4911
"2019-12-28 00:00:00";1;4913
"2019-12-29 00:00:00";1;4917
"2019-12-30 00:00:00";1;4918
"2019-12-31 00:00:00";1;4923
"2020-01-01 00:00:00";1;4923
"2020-01-02 00:00:00";1;4925
"2020-01-03 00:00:00";1;4920
"2020-01-04 00:00:00";1;4918
"2020-01-05 00:00:00";1;4925
"2020-01-06 00:00:00";1;4924
"2020-01-07 00:00:00";1;4928
"2020-01-08 00:00:00";1;4925
"2020-01-09 00:00:00";1;4930
"2020-01-10 00:00:00";1;4937
"2020-01-11 00:00:00";1;4944
"2020-01-12 00:00:00";1;4948
"2020-01-13 00:00:00";1;4956
"2020-01-14 00:00:00";1;4958
"2020-01-15 00:00:00";1;4965
"2020-01-16 00:00:00";1;4970
"2020-01-17 00:00:00";1;4968
"2020-01-18 00:00:00";1;4974
"2020-01-19 00:00:00";1;4976
"2020-01-20 00:00:00";1;4985
"2020-01-21 00:00:00";1;4996
"2020-01-22 00:00:00";1;4982
"2020-01-23 00:00:00";1;4993
"2020-01-24 00:00:00";1;4991
"2020-01-25 00:00:00";1;4990
"2020-01-26 00:00:00";1;4990
"2020-01-27 00:00:00";1;4992
"2020-01-28 00:00:00";1;4996
"2020-01-29 00:00:00";1;4997
"2020-01-30 00:00:00";1;5005
"2020-01-31 00:00:00";1;5023
"2020-02-01 00:00:00";1;5023
"2020-02-02 00:00:00";1;5033
"2020-02-03 00:00:00";1;5040
"2020-02-04 00:00:00";1;5043
"2020-02-05 00:00:00";1;5060
"2020-02-06 00:00:00";1;5072
"2020-02-07 00:00:00";1;5085
"2020-02-08 00:00:00";1;5089
"2020-02-09 00:00:00";1;5097
"2020-02-10 00:00:00";1;5112
"2020-02-11 00:00:00";1;5107
"2020-02-12 00:00:00";1;5092
"2020-02-13 00:00:00";1;5096
"2020-02-14 00:00:00";1;5115
"2020-02-15 00:00:00";1;5115
"2020-02-16 00:00:00";1;5118
"2020-02-17 00:00:00";1;5126
"2020-02-18 00:00:00";1;5125
"2020-02-19 00:00:00";1;5123
"2020-02-20 00:00:00";1;5128
"2020-02-21 00:00:00";1;5128
"2020-02-22 00:00:00";1;5131
"2020-02-23 00:00:00";1;5144
"2020-02-24 00:00:00";1;5145
"2020-02-25 00:00:00";1;5145
"2020-02-26 00:00:00";1;5146
"2020-02-27 00:00:00";1;5152
"2020-02-28 00:00:00";1;5163
"2020-02-29 00:00:00";1;5173
"2020-03-01 00:00:00";1;5175
"2020-03-02 00:00:00";1;5175
"2020-03-03 00:00:00";1;5184
"2020-03-04 00:00:00";1;5187
"2020-03-05 00:00:00";1;5191
"2020-03-06 00:00:00";1;5210
"2020-03-07 00:00:00";1;5211
"2020-03-08 00:00:00";1;5212
"2020-03-09 00:00:00";1;5216
"2020-03-10 00:00:00";1;5214
"2020-03-11 00:00:00";1;5218
"2020-03-12 00:00:00";1;5225
"2020-03-13 00:00:00";1;5221
"2020-03-14 00:00:00";1;5211
"2020-03-15 00:00:00";1;5206
"2020-03-16 00:00:00";1;5207
"2020-03-17 00:00:00";1;5228
"2020-03-18 00:00:00";1;5233
"2020-03-19 00:00:00";1;5228
"2020-03-20 00:00:00";1;5235
"2020-03-21 00:00:00";1;5256
"2020-03-22 00:00:00";1;5299
"2020-03-23 00:00:00";1;5306
"2020-03-24 00:00:00";1;5310
"2020-03-25 00:00:00";1;5314
"2020-03-26 00:00:00";1;5323
"2020-03-27 00:00:00";1;5326
"2020-03-28 00:00:00";1;5327
"2020-03-29 00:00:00";1;5333
"2020-03-30 00:00:00";1;5328
"2020-03-31 00:00:00";1;5332
"2020-04-01 00:00:00";1;5334
"2020-04-02 00:00:00";1;5335
"2020-04-03 00:00:00";1;5335
"2020-04-04 00:00:00";1;5343
"2020-04-05 00:00:00";1;5349
"2020-04-06 00:00:00";1;5349
"2020-04-07 00:00:00";1;5357
"2020-04-08 00:00:00";1;5360
"2020-04-09 00:00:00";1;5358
"2020-04-10 00:00:00";1;5356
"2020-04-11 00:00:00";1;5361
"2020-04-12 00:00:00";1;5368
"2020-04-13 00:00:00";1;5371
"2020-04-14 00:00:00";1;5372
"2020-04-15 00:00:00";1;5375
"2020-04-16 00:00:00";1;5386
"2020-04-17 00:00:00";1;5386
"2020-04-18 00:00:00";1;5390
"2020-04-19 00:00:00";1;5408
"2020-04-20 00:00:00";1;5479
"2020-04-21 00:00:00";1;5478
"2020-04-22 00:00:00";1;5491
"2020-04-23 00:00:00";1;5533
"2020-04-24 00:00:00";1;5544
"2020-04-25 00:00:00";1;5549
"2020-04-26 00:00:00";1;5551
"2020-04-27 00:00:00";1;5544
"2020-04-28 00:00:00";1;5549
"2020-04-29 00:00:00";1;5537
"2020-04-30 00:00:00";1;5535
"2020-05-01 00:00:00";1;5579
"2020-05-02 00:00:00";1;5583
"2020-05-03 00:00:00";1;5587
"2020-05-04 00:00:00";1;5576
"2020-05-05 00:00:00";1;5581
"2020-05-06 00:00:00";1;5584
"2020-05-07 00:00:00";1;5586
"2020-05-08 00:00:00";1;5593
"2020-05-09 00:00:00";1;5615
"2020-05-10 00:00:00";1;5611
"2020-05-11 00:00:00";1;5632
"2020-05-12 00:00:00";1;5641
"2020-05-13 00:00:00";1;5642
"2020-05-14 00:00:00";1;5635
"2020-05-15 00:00:00";1;5632
"2020-05-16 00:00:00";1;5609
"2020-05-17 00:00:00";1;5636
"2020-05-18 00:00:00";1;5688
"2020-05-19 00:00:00";1;5688
"2020-05-20 00:00:00";1;5697
"2020-05-21 00:00:00";1;5701
"2020-05-22 00:00:00";1;5691
"2020-05-23 00:00:00";1;5695
"2020-05-24 00:00:00";1;5702
"2020-05-25 00:00:00";1;5714
"2020-05-26 00:00:00";1;5720
"2020-05-27 00:00:00";1;5727
"2020-05-28 00:00:00";1;5726
"2020-05-29 00:00:00";1;5729
"2020-05-30 00:00:00";1;5739
"2020-05-31 00:00:00";1;5833
"2020-06-01 00:00:00";1;5839
"2020-06-02 00:00:00";1;5853
"2020-06-03 00:00:00";1;5851
"2020-06-04 00:00:00";1;5859
"2020-06-05 00:00:00";1;5865
"2020-06-06 00:00:00";1;5869
"2020-06-07 00:00:00";1;5888
"2020-06-08 00:00:00";1;5895
"2020-06-09 00:00:00";1;5903
"2020-06-10 00:00:00";1;5911
"2020-06-11 00:00:00";1;5916
"2020-06-12 00:00:00";1;5924
"2020-06-13 00:00:00";1;5929
"2020-06-14 00:00:00";1;5930
"2020-06-15 00:00:00";1;5933
"2020-06-16 00:00:00";1;5936
"2020-06-17 00:00:00";1;5936
"2020-06-18 00:00:00";1;5944
"2020-06-19 00:00:00";1;5944
"2020-06-20 00:00:00";1;5953
"2020-06-21 00:00:00";1;5955
"2020-06-22 00:00:00";1;5958
"2020-06-23 00:00:00";1;5953
"2020-06-24 00:00:00";1;5956
"2020-06-25 00:00:00";1;5962
"2020-06-26 00:00:00";1;5967
"2020-06-27 00:00:00";1;5967
"2020-06-28 00:00:00";1;5970
"2020-06-29 00:00:00";1;5969
"2020-06-30 00:00:00";1;5970
"2020-07-01 00:00:00";1;5978
"2020-07-02 00:00:00";1;5978
"2020-07-03 00:00:00";1;5992
"2020-07-04 00:00:00";1;6040
"2020-07-05 00:00:00";1;6040
"2020-07-06 00:00:00";1;6040
"2020-07-07 00:00:00";1;6040
"2020-07-08 00:00:00";1;6040
"2020-07-09 00:00:00";1;6040
"2020-07-10 00:00:00";1;6040
"2020-07-11 00:00:00";1;6040
"2020-07-12 00:00:00";1;6040
"2020-07-13 00:00:00";1;6040
"2020-07-14 00:00:00";1;6040
"2020-07-15 00:00:00";1;6040
"2020-07-16 00:00:00";1;6040
"2020-07-17 00:00:00";1;6040
"2020-07-18 00:00:00";1;6040
"2020-07-19 00:00:00";1;6040
"2020-07-20 00:00:00";1;6040
"2020-07-21 00:00:00";1;6040
"2020-07-22 00:00:00";1;6040
"2020-07-23 00:00:00";1;6040
"2020-07-24 00:00:00";1;6040
"2020-07-25 00:00:00";1;6040
"2020-07-26 00:00:00";1;6040
"2020-07-27 00:00:00";1;6040
"2020-07-28 00:00:00";1;6040
"2020-07-29 00:00:00";1;6040
"2020-07-30 00:00:00";1;6040
"2020-07-31 00:00:00";1;6040
"2020-08-01 00:00:00";1;6081
"2020-08-02 00:00:00";1;6086
"2020-08-03 00:00:00";1;6085
"2020-08-04 00:00:00";1;6025
"2020-08-05 00:00:00";1;6035
"2020-08-06 00:00:00";1;6039
"2020-08-07 00:00:00";1;6044
"2020-08-08 00:00:00";1;6046
"2020-08-09 00:00:00";1;6052
"2020-08-10 00:00:00";1;6054
"2020-08-11 00:00:00";1;6060
"2020-08-12 00:00:00";1;6073
"2020-08-13 00:00:00";1;6081
"2020-08-14 00:00:00";1;6081
"2020-08-15 00:00:00";1;6077
"2020-08-16 00:00:00";1;6078
"2020-08-17 00:00:00";1;6081
"2020-08-18 00:00:00";1;6081
"2020-08-19 00:00:00";1;6080
"2020-08-20 00:00:00";1;6058
"2020-08-21 00:00:00";1;6058
"2020-08-22 00:00:00";1;6059
"2020-08-23 00:00:00";1;6069
"2020-08-24 00:00:00";1;6079
"2020-08-25 00:00:00";1;6080
"2020-08-26 00:00:00";1;6099
"2020-08-27 00:00:00";1;6110
"2020-08-28 00:00:00";1;6116
"2020-08-29 00:00:00";1;6133
"2020-08-30 00:00:00";1;7613
"2020-08-31 00:00:00";1;7621
"2020-09-01 00:00:00";1;7627
"2020-09-02 00:00:00";1;7632
"2020-09-03 00:00:00";1;7631
"2020-09-04 00:00:00";1;7631
"2020-09-05 00:00:00";1;7624
"2020-09-06 00:00:00";1;7616
"2020-09-07 00:00:00";1;7627
"2020-09-08 00:00:00";1;7635
"2020-09-09 00:00:00";1;7630
"2020-09-10 00:00:00";1;7588
"2020-09-11 00:00:00";1;7590
"2020-09-12 00:00:00";1;7599
"2020-09-13 00:00:00";1;7601
"2020-09-14 00:00:00";1;7590
"2020-09-15 00:00:00";1;7600
"2020-09-16 00:00:00";1;7597
"2020-09-17 00:00:00";1;7606
"2020-09-18 00:00:00";1;7609
"2020-09-19 00:00:00";1;7617
"2020-09-20 00:00:00";1;7618
"2020-09-21 00:00:00";1;7615
"2020-09-22 00:00:00";1;7615
"2020-09-23 00:00:00";1;7615
"2020-09-24 00:00:00";1;7615
"2020-09-25 00:00:00";1;7615
"2020-09-26 00:00:00";1;7660
"2020-09-27 00:00:00";1;7660
"2020-09-28 00:00:00";1;7705
"2020-09-29 00:00:00";1;7705
"2020-09-30 00:00:00";1;7708
"2020-10-01 00:00:00";1;7715
"2020-10-02 00:00:00";1;7717
"2020-10-03 00:00:00";1;7717
"2020-10-04 00:00:00";1;7720
"2020-10-05 00:00:00";1;7720
"2020-10-06 00:00:00";1;7720
"2020-10-07 00:00:00";1;7662
"2020-10-08 00:00:00";1;7669
"2020-10-09 00:00:00";1;7667
"2020-10-10 00:00:00";1;7638
"2020-10-11 00:00:00";1;7637
"2020-10-12 00:00:00";1;7655
"2020-10-13 00:00:00";1;7652
"2020-10-14 00:00:00";1;7646
"2020-10-15 00:00:00";1;7663
"2020-10-16 00:00:00";1;7665
"2020-10-17 00:00:00";1;7670
"2020-10-18 00:00:00";1;7677
"2020-10-19 00:00:00";1;7672
"2020-10-20 00:00:00";1;7676
"2020-10-21 00:00:00";1;7674
"2020-10-22 00:00:00";1;7672
"2020-10-23 00:00:00";1;7644
"2020-10-24 00:00:00";1;7651
"2020-10-25 00:00:00";1;7653
"2020-10-26 00:00:00";1;7664
"2020-10-27 00:00:00";1;7664
"2020-10-28 00:00:00";1;7664
"2020-10-29 00:00:00";1;7664
"2020-10-30 00:00:00";1;7665
"2020-10-31 00:00:00";1;7657
"2020-11-01 00:00:00";1;7646
"2020-11-02 00:00:00";1;7642
"2020-11-03 00:00:00";1;7606
"2020-11-04 00:00:00";1;7607
"2020-11-05 00:00:00";1;7600
"2020-11-06 00:00:00";1;7596
"2020-11-07 00:00:00";1;7589
"2020-11-08 00:00:00";1;7622
"2020-11-09 00:00:00";1;7653
"2020-11-10 00:00:00";1;7675
"2020-11-11 00:00:00";1;7692
"2020-11-12 00:00:00";1;7712
"2020-11-13 00:00:00";1;7727
"2020-11-14 00:00:00";1;7729
"2020-11-15 00:00:00";1;7780
"2020-11-16 00:00:00";1;7801
"2020-11-17 00:00:00";1;7811
"2020-11-18 00:00:00";1;7839
"2020-11-19 00:00:00";1;7845
"2020-11-20 00:00:00";1;7889
"2020-11-21 00:00:00";1;7894
"2020-11-22 00:00:00";1;7910
"2020-11-23 00:00:00";1;7938
"2020-11-24 00:00:00";1;7946
"2020-11-25 00:00:00";1;7945
"2020-11-26 00:00:00";1;7946
"2020-11-27 00:00:00";1;7942
"2020-11-28 00:00:00";1;7949
"2020-11-29 00:00:00";1;7987
"2020-11-30 00:00:00";1;7994
"2020-12-01 00:00:00";1;7991
"2020-12-02 00:00:00";1;7987
"2020-12-03 00:00:00";1;7981
"2020-12-04 00:00:00";1;7991
"2020-12-05 00:00:00";1;7995
"2020-12-06 00:00:00";1;8001
"2020-12-07 00:00:00";1;8030
"2020-12-08 00:00:00";1;8025
"2020-12-09 00:00:00";1;8020
"2020-12-10 00:00:00";1;8023
"2020-12-11 00:00:00";1;8029
"2020-12-12 00:00:00";1;8038
"2020-12-13 00:00:00";1;8046
"2020-12-14 00:00:00";1;8066
"2020-12-15 00:00:00";1;8066
"2020-12-16 00:00:00";1;8070
"2020-12-17 00:00:00";1;8070
"2020-12-18 00:00:00";1;8077
"2020-12-19 00:00:00";1;8080
"2020-12-20 00:00:00";1;8088
"2020-12-21 00:00:00";1;8106
"2020-12-22 00:00:00";1;8115
"2020-12-23 00:00:00";1;8119
"2020-12-24 00:00:00";1;8126
"2020-12-25 00:00:00";1;8133
"2020-12-26 00:00:00";1;8138
"2020-12-27 00:00:00";1;8155
"2020-12-28 00:00:00";1;8181
"2020-12-29 00:00:00";1;8183
"2020-12-30 00:00:00";1;8249
"2020-12-31 00:00:00";1;8258
"2021-01-01 00:00:00";1;8268
"2021-01-02 00:00:00";1;8295
"2021-01-03 00:00:00";1;8288
"2021-01-04 00:00:00";1;8291
"2021-01-05 00:00:00";1;8306
"2021-01-06 00:00:00";1;8309
"2021-01-07 00:00:00";1;8322
"2021-01-08 00:00:00";1;8327
"2021-01-09 00:00:00";1;8330
"2021-01-10 00:00:00";1;8363
"2021-01-11 00:00:00";1;8373
"2021-01-12 00:00:00";1;8371
"2021-01-13 00:00:00";1;8378
"2021-01-14 00:00:00";1;8384
"2021-01-15 00:00:00";1;8389
"2021-01-16 00:00:00";1;8405
"2021-01-17 00:00:00";1;8440
"2021-01-18 00:00:00";1;8468
"2021-01-19 00:00:00";1;8481
"2021-01-20 00:00:00";1;8490
"2021-01-21 00:00:00";1;8506
"2021-01-22 00:00:00";1;8513
"2021-01-23 00:00:00";1;8524
"2021-01-24 00:00:00";1;8563
"2021-01-25 00:00:00";1;8589
"2021-01-26 00:00:00";1;8614
"2021-01-27 00:00:00";1;8626
"2021-01-28 00:00:00";1;8633
"2021-01-29 00:00:00";1;8635
"2021-01-30 00:00:00";1;8637
"2021-01-31 00:00:00";1;8652
"2021-02-01 00:00:00";1;8673
"2021-02-02 00:00:00";1;8694
"2021-02-03 00:00:00";1;8784
"2021-02-04 00:00:00";1;8788
"2021-02-05 00:00:00";1;8858
"2021-02-06 00:00:00";1;8866
"2021-02-07 00:00:00";1;8888
"2021-02-08 00:00:00";1;8912
"2021-02-09 00:00:00";1;8914
"2021-02-10 00:00:00";1;8924
"2021-02-11 00:00:00";1;8928
"2021-02-12 00:00:00";1;8933
"2021-02-13 00:00:00";1;8953
"2021-02-14 00:00:00";1;8979
"2021-02-15 00:00:00";1;9005
"2021-02-16 00:00:00";1;9011
"2021-02-17 00:00:00";1;9083
"2021-02-18 00:00:00";1;9138
"2021-02-19 00:00:00";1;8986
"2021-02-20 00:00:00";1;9125
"2021-02-21 00:00:00";1;9142
"2021-02-22 00:00:00";1;9157
"2021-02-23 00:00:00";1;9165
"2021-02-24 00:00:00";1;9180
"2021-02-25 00:00:00";1;9190
"2021-02-26 00:00:00";1;9212
"2021-02-27 00:00:00";1;9265
"2021-02-28 00:00:00";1;9284
"2021-03-01 00:00:00";1;9301
"2021-03-02 00:00:00";1;9302
"2021-03-03 00:00:00";1;9329
"2021-03-04 00:00:00";1;9349
"2021-03-05 00:00:00";1;9365
"2021-03-06 00:00:00";1;9391
"2021-03-07 00:00:00";1;9412
"2021-03-08 00:00:00";1;9438
"2021-03-09 00:00:00";1;9446
"2021-03-10 00:00:00";1;9457
"2021-03-11 00:00:00";1;9465
"2021-03-12 00:00:00";1;9484
"2021-03-13 00:00:00";1;9490
"2021-03-14 00:00:00";1;9510
"2021-03-15 00:00:00";1;9547
"2021-03-16 00:00:00";1;9682
"2021-03-17 00:00:00";1;9718
"2021-03-18 00:00:00";1;9725
"2021-03-19 00:00:00";1;9763
"2021-03-20 00:00:00";1;9793
"2021-03-21 00:00:00";1;9863
"2021-03-22 00:00:00";1;9904
"2021-03-23 00:00:00";1;9921
"2021-03-24 00:00:00";1;10084
"2021-03-25 00:00:00";1;10104
"2021-03-26 00:00:00";1;10105
"2021-03-27 00:00:00";1;10140
"2021-03-28 00:00:00";1;10173
"2021-03-29 00:00:00";1;10216
"2021-03-30 00:00:00";1;10260
"2021-03-31 00:00:00";1;10284
"2021-04-01 00:00:00";1;10319
"2021-04-02 00:00:00";1;10335
"2021-04-03 00:00:00";1;10348
"2021-04-04 00:00:00";1;10394
"2021-04-05 00:00:00";1;10439
"2021-04-06 00:00:00";1;10465
"2021-04-07 00:00:00";1;10497
"2021-04-08 00:00:00";1;10525
"2021-04-09 00:00:00";1;10547
"2021-04-10 00:00:00";1;10577
"2021-04-11 00:00:00";1;10619
"2021-04-12 00:00:00";1;10652
"2021-04-13 00:00:00";1;10658
"2021-04-14 00:00:00";1;10661
"2021-04-15 00:00:00";1;10679
"2021-04-16 00:00:00";1;10685
"2021-04-17 00:00:00";1;10697
"2021-04-18 00:00:00";1;10700
"2021-04-19 00:00:00";1;10701
"2021-04-20 00:00:00";1;10708
"2021-04-21 00:00:00";1;10716
"2021-04-22 00:00:00";1;10721
"2021-04-23 00:00:00";1;10727
"2021-04-24 00:00:00";1;10732
"2021-04-25 00:00:00";1;10777
"2021-04-26 00:00:00";1;10804
"2021-04-27 00:00:00";1;10819
"2021-04-28 00:00:00";1;10832
"2021-04-29 00:00:00";1;10838
"2021-04-30 00:00:00";1;10860
"2021-05-01 00:00:00";1;10882
"2021-05-02 00:00:00";1;10922
"2021-05-03 00:00:00";1;10970
"2021-05-04 00:00:00";1;10999
"2021-05-05 00:00:00";1;11020
"2021-05-06 00:00:00";1;11060
"2021-05-07 00:00:00";1;11095
"2021-05-08 00:00:00";1;11129
"2021-05-09 00:00:00";1;11153
"2021-05-10 00:00:00";1;11179
"2021-05-11 00:00:00";1;11208
"2021-05-12 00:00:00";1;11249
"2021-05-13 00:00:00";1;11276
"2021-05-14 00:00:00";1;11294
"2021-05-15 00:00:00";1;11314
"2021-05-16 00:00:00";1;11349
"2021-05-17 00:00:00";1;11367
"2021-05-18 00:00:00";1;11384
"2021-05-19 00:00:00";1;11389
"2021-05-20 00:00:00";1;11399
"2021-05-21 00:00:00";1;11411
"2021-05-22 00:00:00";1;11426
"2021-05-23 00:00:00";1;11454
"2021-05-24 00:00:00";1;11469
"2021-05-25 00:00:00";1;11498
"2021-05-26 00:00:00";1;11522
"2021-05-27 00:00:00";1;11553
"2021-05-28 00:00:00";1;11572
"2021-05-29 00:00:00";1;11600
"2021-05-30 00:00:00";1;11629
"2021-05-31 00:00:00";1;11669
"2021-06-01 00:00:00";1;11704
"2021-06-02 00:00:00";1;11707
"2021-06-03 00:00:00";1;11710
"2021-06-04 00:00:00";1;11737
"2021-06-05 00:00:00";1;11765
"2021-06-06 00:00:00";1;11791
"2021-06-07 00:00:00";1;11819
"2021-06-08 00:00:00";1;11841
"2021-06-09 00:00:00";1;11865
"2021-06-10 00:00:00";1;11879
"2021-06-11 00:00:00";1;11901
"2021-06-12 00:00:00";1;11931
"2021-06-13 00:00:00";1;11975
"2021-06-14 00:00:00";1;12031
"2021-06-15 00:00:00";1;12068
"2021-06-16 00:00:00";1;12099
"2021-06-17 00:00:00";1;12127
"2021-06-18 00:00:00";1;12172
"2021-06-19 00:00:00";1;12226
"2021-06-20 00:00:00";1;12272
"2021-06-21 00:00:00";1;12288
"2021-06-22 00:00:00";1;12295
"2021-06-23 00:00:00";1;12316
"2021-06-24 00:00:00";1;12325
"2021-06-25 00:00:00";1;12359
"2021-06-26 00:00:00";1;12385
"2021-06-27 00:00:00";1;12418
"2021-06-28 00:00:00";1;12433
"2021-06-29 00:00:00";1;12456
"2021-06-30 00:00:00";1;12477
"2021-07-01 00:00:00";1;12501
"2021-07-02 00:00:00";1;12536
"2021-07-03 00:00:00";1;12570
"2021-07-04 00:00:00";1;12608
"2021-07-05 00:00:00";1;12659
"2021-07-06 00:00:00";1;12608
"2021-07-07 00:00:00";1;12641
"2021-07-08 00:00:00";1;12679
"2021-07-09 00:00:00";1;12709
"2021-07-10 00:00:00";1;12755
"2021-07-11 00:00:00";1;12787
"2021-07-12 00:00:00";1;12807
"2021-07-13 00:00:00";1;12838
"2021-07-14 00:00:00";1;12887
"2021-07-15 00:00:00";1;12919
"2021-07-16 00:00:00";1;12958
"2021-07-17 00:00:00";1;13033
"2021-07-18 00:00:00";1;13133
"2021-07-19 00:00:00";1;13160
"2021-07-20 00:00:00";1;13216
"2021-07-21 00:00:00";1;13252
"2021-07-22 00:00:00";1;13278
"2021-07-23 00:00:00";1;13285
"2021-07-24 00:00:00";1;13330
"2021-07-25 00:00:00";1;13362
"2021-07-26 00:00:00";1;13391
"2021-07-27 00:00:00";1;13499
"2021-07-28 00:00:00";1;13599
"2021-07-29 00:00:00";1;13608
"2021-07-30 00:00:00";1;13646
"2021-07-31 00:00:00";1;13684
"2021-08-01 00:00:00";1;13676
"2021-08-02 00:00:00";1;13713
"2021-08-03 00:00:00";1;13750
"2021-08-04 00:00:00";1;13785
"2021-08-05 00:00:00";1;13816
"2021-08-06 00:00:00";1;13841
"2021-08-07 00:00:00";1;13949
"2021-08-08 00:00:00";1;13983
"2021-08-09 00:00:00";1;14016
"2021-08-10 00:00:00";1;14048
"2021-08-11 00:00:00";1;14104
"2021-08-12 00:00:00";1;14151
"2021-08-13 00:00:00";1;14223
"2021-08-14 00:00:00";1;14278
"2021-08-15 00:00:00";1;14322
"2021-08-16 00:00:00";1;14351
"2021-08-17 00:00:00";1;14424
"2021-08-18 00:00:00";1;14476
"2021-08-19 00:00:00";1;14584
"2021-08-20 00:00:00";1;14659
"2021-08-21 00:00:00";1;14708
"2021-08-22 00:00:00";1;14743
"2021-08-23 00:00:00";1;14787
"2021-08-24 00:00:00";1;14827
"2021-08-25 00:00:00";1;14909
"2021-08-26 00:00:00";1;14990
"2021-08-27 00:00:00";1;15058
"2021-08-28 00:00:00";1;15090
"2021-08-29 00:00:00";1;15133
"2021-08-30 00:00:00";1;15161
"2021-08-31 00:00:00";1;15203
"2021-09-01 00:00:00";1;15235
"2021-09-02 00:00:00";1;15273
"2021-09-03 00:00:00";1;15315
"2021-09-04 00:00:00";1;15344
"2021-09-05 00:00:00";1;15381
"2021-09-06 00:00:00";1;15413
"2021-09-07 00:00:00";1;15411
"2021-09-08 00:00:00";1;15420
"2021-09-09 00:00:00";1;15457
"2021-09-10 00:00:00";1;15503
"2021-09-11 00:00:00";1;15524
"2021-09-12 00:00:00";1;15557
"2021-09-13 00:00:00";1;15605
"2021-09-14 00:00:00";1;15656
"2021-09-15 00:00:00";1;15689
"2021-09-16 00:00:00";1;15773
"2021-09-17 00:00:00";1;15812
"2021-09-18 00:00:00";1;15834
"2021-09-19 00:00:00";1;15872
"2021-09-20 00:00:00";1;15885
"2021-09-21 00:00:00";1;15895
"2021-09-22 00:00:00";1;15904
"2021-09-23 00:00:00";1;15928
"2021-09-24 00:00:00";1;15958
"2021-09-25 00:00:00";1;15972
"2021-09-26 00:00:00";1;15996
"2021-09-27 00:00:00";1;16010
"2021-09-28 00:00:00";1;16034
"2021-09-29 00:00:00";1;16059
"2021-09-30 00:00:00";1;16041
"2021-10-01 00:00:00";1;16063
"2021-10-02 00:00:00";1;16072
"2021-10-03 00:00:00";1;16098
"2021-10-04 00:00:00";1;16116
"2021-10-05 00:00:00";1;16151
"2021-10-06 00:00:00";1;16167
"2021-10-07 00:00:00";1;16188
"2021-10-08 00:00:00";1;16244
"2021-10-09 00:00:00";1;16296
"2021-10-10 00:00:00";1;16353
"2021-10-11 00:00:00";1;16378
"2021-10-12 00:00:00";1;16399
"2021-10-13 00:00:00";1;16424
"2021-10-14 00:00:00";1;16454
"2021-10-15 00:00:00";1;16489
"2021-10-16 00:00:00";1;16581
"2021-10-17 00:00:00";1;17008
"2021-10-18 00:00:00";1;17447
"2021-10-27 00:00:00";1;17680
"2021-10-28 00:00:00";1;17713
"2021-10-29 00:00:00";1;17738
"2021-10-30 00:00:00";1;17745
"2021-10-31 00:00:00";1;17759
"2021-11-01 00:00:00";1;17784
"2021-11-02 00:00:00";1;17797
"2021-11-03 00:00:00";1;17822
"2021-11-04 00:00:00";1;17831
"2021-11-05 00:00:00";1;17868
"2021-11-06 00:00:00";1;17902
"2021-11-07 00:00:00";1;17911
"2021-11-08 00:00:00";1;17939
"2021-11-09 00:00:00";1;17943
"2021-11-10 00:00:00";1;17964
"2021-11-11 00:00:00";1;17976
"2021-11-12 00:00:00";1;17989
"2021-11-13 00:00:00";1;17995
"2021-11-14 00:00:00";1;18017
"2021-11-15 00:00:00";1;18037
"2021-11-16 00:00:00";1;18048
"2021-11-17 00:00:00";1;18069
"2021-11-18 00:00:00";1;18091
"2021-11-19 00:00:00";1;18111
"2021-11-20 00:00:00";1;18119
"2021-11-21 00:00:00";1;18139
"2021-11-22 00:00:00";1;18161
"2021-11-23 00:00:00";1;18183
"2021-11-24 00:00:00";1;18271
"2021-11-25 00:00:00";1;18716
"2021-11-26 00:00:00";1;18727
"2021-11-27 00:00:00";1;18762
"2021-11-28 00:00:00";1;18764
"2021-11-29 00:00:00";1;18777
"2021-11-30 00:00:00";1;18790
"2021-12-01 00:00:00";1;18793
"2021-12-02 00:00:00";1;18809
"2021-12-03 00:00:00";1;18867
"2021-12-04 00:00:00";1;18888
"2021-12-05 00:00:00";1;18904
"2021-12-06 00:00:00";1;18926
"2021-12-07 00:00:00";1;18948
"2021-12-08 00:00:00";1;18958
"2021-12-09 00:00:00";1;18956
"2021-12-10 00:00:00";1;18978
"2021-12-11 00:00:00";1;19012
"2021-12-12 00:00:00";1;19015
"2021-12-13 00:00:00";1;19037
"2021-12-14 00:00:00";1;19052
"2021-12-15 00:00:00";1;19072
"2021-12-16 00:00:00";1;19092
"2021-12-17 00:00:00";1;19114
"2021-12-18 00:00:00";1;19114
"2021-12-19 00:00:00";1;19120
"2021-12-20 00:00:00";1;19112
"2021-12-21 00:00:00";1;19120
"2021-12-22 00:00:00";1;19147
"2021-12-23 00:00:00";1;19165
"2021-12-24 00:00:00";1;19172
"2021-12-25 00:00:00";1;19170
"2021-12-26 00:00:00";1;19175
"2021-12-27 00:00:00";1;19169
"2021-12-28 00:00:00";1;19156
"2021-12-29 00:00:00";1;19148
"2021-12-30 00:00:00";1;19172
"2021-12-31 00:00:00";1;19182
"2022-01-01 00:00:00";1;19190
"2022-01-02 00:00:00";1;19205
"2022-01-03 00:00:00";1;19197
"2022-01-04 00:00:00";1;19199
"2022-01-05 00:00:00";1;19201
"2022-01-06 00:00:00";1;19195
"2022-01-07 00:00:00";1;19179
"2022-01-08 00:00:00";1;19197
"2022-01-09 00:00:00";1;19213
"2022-01-10 00:00:00";1;19268
"2022-01-11 00:00:00";1;19278
"2022-01-12 00:00:00";1;19291
"2022-01-13 00:00:00";1;19373
"2022-01-14 00:00:00";1;19396
"2022-01-15 00:00:00";1;19411
"2022-01-16 00:00:00";1;19347
"2022-01-17 00:00:00";1;19374
"2022-01-18 00:00:00";1;19398
"2022-01-19 00:00:00";1;19404
"2022-01-20 00:00:00";1;19488
"2022-01-21 00:00:00";1;19570
"2022-01-22 00:00:00";1;19585
"2022-01-23 00:00:00";1;19599
"2022-01-24 00:00:00";1;19637
"2022-01-25 00:00:00";1;19774
"2022-01-26 00:00:00";1;19877
"2022-01-27 00:00:00";1;19872
"2022-01-28 00:00:00";1;19874
"2022-01-29 00:00:00";1;20275
"2022-01-30 00:00:00";1;20293
"2022-01-31 00:00:00";1;20317
"2022-02-01 00:00:00";1;20342
"2022-02-02 00:00:00";1;20356
"2022-02-03 00:00:00";1;20368
"2022-02-04 00:00:00";1;20383
"2022-02-05 00:00:00";1;20390
"2022-02-06 00:00:00";1;20415
"2022-02-07 00:00:00";1;20426
"2022-02-08 00:00:00";1;20433
"2022-02-09 00:00:00";1;20450
"2022-02-10 00:00:00";1;20471
"2022-02-11 00:00:00";1;20487
"2022-02-12 00:00:00";1;20512
"2022-02-13 00:00:00";1;20534
"2022-02-14 00:00:00";1;20556
"2022-02-15 00:00:00";1;20577
"2022-02-16 00:00:00";1;20507
"2022-02-17 00:00:00";1;20479
"2022-02-18 00:00:00";1;20496
"2022-02-19 00:00:00";1;20507
"2022-02-20 00:00:00";1;20516
"2022-02-21 00:00:00";1;20549
"2022-02-22 00:00:00";1;20554
"2022-02-23 00:00:00";1;20563
"2022-02-24 00:00:00";1;20533
"2022-02-25 00:00:00";1;20532
"2022-02-26 00:00:00";1;20543
"2022-02-27 00:00:00";1;20555
"2022-02-28 00:00:00";1;20561
"2022-03-01 00:00:00";1;20570
"2022-03-02 00:00:00";1;20562
"2022-03-03 00:00:00";1;20543
"2022-03-04 00:00:00";1;20552
"2022-03-05 00:00:00";1;20587
"2022-03-06 00:00:00";1;20596
"2022-03-07 00:00:00";1;20613
"2022-03-08 00:00:00";1;20617
"2022-03-09 00:00:00";1;20633
"2022-03-10 00:00:00";1;20657
"2022-03-11 00:00:00";1;20629
"2022-03-12 00:00:00";1;20636
"2022-03-13 00:00:00";1;20645
"2022-03-14 00:00:00";1;20657
"2022-03-15 00:00:00";1;20663
"2022-03-16 00:00:00";1;20689
"2022-03-17 00:00:00";1;20706
"2022-03-18 00:00:00";1;20739
"2022-03-19 00:00:00";1;20761
"2022-03-20 00:00:00";1;20766
"2022-03-21 00:00:00";1;20654
"2022-03-22 00:00:00";1;20651
"2022-03-23 00:00:00";1;20662
"2022-03-24 00:00:00";1;20673
"2022-03-25 00:00:00";1;20678
"2022-03-26 00:00:00";1;20234
"2022-03-27 00:00:00";1;20165
"2022-03-28 00:00:00";1;20174
"2022-03-29 00:00:00";1;20179
"2022-03-30 00:00:00";1;20181
"2022-03-31 00:00:00";1;20189
"2022-04-01 00:00:00";1;20199
"2022-04-02 00:00:00";1;20197
"2022-04-03 00:00:00";1;20121
"2022-04-04 00:00:00";1;20138
"2022-04-05 00:00:00";1;20137
"2022-04-06 00:00:00";1;20142
"2022-04-07 00:00:00";1;20157
"2022-04-08 00:00:00";1;20184
"2022-04-09 00:00:00";1;20197
"2022-04-10 00:00:00";1;20220
"2022-04-11 00:00:00";1;20230
"2022-04-12 00:00:00";1;20106
"2022-04-13 00:00:00";1;20120
"2022-04-14 00:00:00";1;20149
"2022-04-15 00:00:00";1;20083
"2022-04-16 00:00:00";1;19613
"2022-04-17 00:00:00";1;18692
"2022-04-18 00:00:00";1;17297
"2022-04-19 00:00:00";1;17297
"2022-04-20 00:00:00";1;17303
"2022-04-21 00:00:00";1;17242
"2022-04-25 00:00:00";1;12441
"2022-04-26 00:00:00";1;16488
"2022-04-27 00:00:00";1;16504
"2022-04-28 00:00:00";1;16538
"2022-04-29 00:00:00";1;16546
"2022-04-30 00:00:00";1;16546
"2022-05-01 00:00:00";1;16563
"2022-05-02 00:00:00";1;16592
"2022-05-03 00:00:00";1;16616
"2022-05-04 00:00:00";1;16628
"2022-05-05 00:00:00";1;16630
"2022-05-06 00:00:00";1;16644
"2022-05-07 00:00:00";1;16650
"2022-05-08 00:00:00";1;16667
"2022-05-09 00:00:00";1;16678
"2022-05-10 00:00:00";1;16682
"2022-05-11 00:00:00";1;16701
"2022-05-12 00:00:00";1;16700
"2022-05-13 00:00:00";1;16701
"2022-05-14 00:00:00";1;16706
"2022-05-15 00:00:00";1;16696
"2022-05-16 00:00:00";1;16710
"2022-05-17 00:00:00";1;16725
"2022-05-18 00:00:00";1;16730
"2022-05-19 00:00:00";1;16831
"2022-05-20 00:00:00";1;16849
"2022-05-21 00:00:00";1;16858
"2022-05-22 00:00:00";1;16867
"2022-05-23 00:00:00";1;16884
"2022-05-24 00:00:00";1;16880
"2022-05-25 00:00:00";1;16861
"2022-05-26 00:00:00";1;16851
"2022-05-27 00:00:00";1;16856
"2022-05-28 00:00:00";1;16857
"2022-05-29 00:00:00";1;16866
"2022-05-30 00:00:00";1;16880
"2022-05-31 00:00:00";1;16886
"2022-06-01 00:00:00";1;16883
"2022-06-02 00:00:00";1;16896
"2022-06-03 00:00:00";1;16910
"2022-06-04 00:00:00";1;16936
"2022-06-05 00:00:00";1;16943
"2022-06-06 00:00:00";1;16956
"2022-06-07 00:00:00";1;16959
"2022-06-08 00:00:00";1;16956
"2022-06-09 00:00:00";1;16955
"2022-06-10 00:00:00";1;16956
"2022-06-11 00:00:00";1;16964
"2022-06-12 00:00:00";1;16967
"2022-06-13 00:00:00";1;16960
"2022-06-14 00:00:00";1;16941
"2022-06-15 00:00:00";1;16932
"2022-06-16 00:00:00";1;16922
"2022-06-17 00:00:00";1;16938
"2022-06-18 00:00:00";1;16939
"2022-06-19 00:00:00";1;16945
"2022-06-20 00:00:00";1;16945
"2022-06-21 00:00:00";1;16952
"2022-06-22 00:00:00";1;16956
"2022-06-23 00:00:00";1;16962
"2022-06-24 00:00:00";1;16958
"2022-06-25 00:00:00";1;16953
"2022-06-26 00:00:00";1;16954
"2022-06-27 00:00:00";1;16953
"2022-06-28 00:00:00";1;16958
"2022-06-29 00:00:00";1;16961
"2022-06-30 00:00:00";1;16980
"2022-07-01 00:00:00";1;16979
"2022-07-02 00:00:00";1;17002
"2022-07-03 00:00:00";1;17004
"2022-07-04 00:00:00";1;17001
"2022-07-05 00:00:00";1;17007
"2022-07-06 00:00:00";1;17003
"2022-07-07 00:00:00";1;16995
"2022-07-08 00:00:00";1;16985
"2022-07-09 00:00:00";1;16984
"2022-07-10 00:00:00";1;16991
"2022-07-11 00:00:00";1;16996
"2022-07-12 00:00:00";1;16996
"2022-07-13 00:00:00";1;17002
"2022-07-14 00:00:00";1;17000
"2022-07-15 00:00:00";1;17002
"2022-07-16 00:00:00";1;17000
"2022-07-17 00:00:00";1;16993
"2022-07-18 00:00:00";1;16988
"2022-07-19 00:00:00";1;16961
"2022-07-20 00:00:00";1;16959
"2022-07-21 00:00:00";1;16942
"2022-07-22 00:00:00";1;16962
"2022-07-23 00:00:00";1;16983
"2022-07-24 00:00:00";1;16986
"2022-07-25 00:00:00";1;16973
"2022-07-26 00:00:00";1;16962
"2022-07-27 00:00:00";1;16956
"2022-07-28 00:00:00";1;16957
"2022-07-29 00:00:00";1;16966
"2022-07-30 00:00:00";1;17005
"2022-07-31 00:00:00";1;17020
"2022-08-01 00:00:00";1;17026
"2022-08-02 00:00:00";1;17026
"2022-08-03 00:00:00";1;17035
"2022-08-04 00:00:00";1;17036
"2022-08-05 00:00:00";1;17042
"2022-08-06 00:00:00";1;17052
"2022-08-07 00:00:00";1;17047
"2022-08-08 00:00:00";1;17046
"2022-08-09 00:00:00";1;17067
"2022-08-10 00:00:00";1;17067
"2022-08-11 00:00:00";1;17073
"2022-08-12 00:00:00";1;17078
"2022-08-13 00:00:00";1;17080
"2022-08-14 00:00:00";1;17078
"2022-08-15 00:00:00";1;17072
"2022-08-16 00:00:00";1;17069
"2022-08-17 00:00:00";1;17070
"2022-08-18 00:00:00";1;17061
"2022-08-19 00:00:00";1;17066
"2022-08-20 00:00:00";1;17027
"2022-08-21 00:00:00";1;17028
"2022-08-22 00:00:00";1;17031
"2022-08-23 00:00:00";1;17036
"2022-08-24 00:00:00";1;17025
"2022-08-25 00:00:00";1;17032
"2022-08-26 00:00:00";1;17046
"2022-08-27 00:00:00";1;17039
"2022-08-28 00:00:00";1;17054
"2022-08-29 00:00:00";1;17065
"2022-08-30 00:00:00";1;17076
"2022-08-31 00:00:00";1;17068
"2022-09-01 00:00:00";1;17065
"2022-09-02 00:00:00";1;17073
"2022-09-03 00:00:00";1;17074
"2022-09-04 00:00:00";1;17084
"2022-09-05 00:00:00";1;17090
"2022-09-06 00:00:00";1;17088
"2022-09-07 00:00:00";1;17085
"2022-09-08 00:00:00";1;17074
"2022-09-09 00:00:00";1;17070
"2022-09-10 00:00:00";1;17065
"2022-09-11 00:00:00";1;17063
"2022-09-12 00:00:00";1;17053
"2022-09-13 00:00:00";1;17054
"2022-09-14 00:00:00";1;17047
"2022-09-15 00:00:00";1;17048
"2022-09-16 00:00:00";1;17047
"2022-09-17 00:00:00";1;17045
"2022-09-18 00:00:00";1;17050
"2022-09-19 00:00:00";1;17053
"2022-09-20 00:00:00";1;17052
"2022-09-21 00:00:00";1;17057
"2022-09-22 00:00:00";1;17062
"2022-09-23 00:00:00";1;17060
"2022-09-24 00:00:00";1;17060
"2022-09-25 00:00:00";1;17068
"2022-09-26 00:00:00";1;17074
"2022-09-27 00:00:00";1;17070
"2022-09-28 00:00:00";1;17062
"2022-09-29 00:00:00";1;17060
"2022-09-30 00:00:00";1;17059
"2022-10-01 00:00:00";1;17060
"2022-10-02 00:00:00";1;17064
"2022-10-03 00:00:00";1;17073
"2022-10-04 00:00:00";1;17070
"2022-10-05 00:00:00";1;17081
"2022-10-06 00:00:00";1;17075
"2022-10-07 00:00:00";1;17077
"2022-10-08 00:00:00";1;17079
"2022-10-09 00:00:00";1;17088
"2022-10-10 00:00:00";1;17098
"2022-10-11 00:00:00";1;17103
"2022-10-12 00:00:00";1;17110
"2022-10-13 00:00:00";1;17104
"2022-10-14 00:00:00";1;17098
"2022-10-15 00:00:00";1;17093
"2022-10-16 00:00:00";1;17090
"2022-10-17 00:00:00";1;17086
"2022-10-18 00:00:00";1;17086
"2022-10-19 00:00:00";1;17086
"2022-10-20 00:00:00";1;17086
"2022-10-21 00:00:00";1;17086
"2022-10-22 00:00:00";1;17086
"2022-10-23 00:00:00";1;17086
"2022-10-24 00:00:00";1;17086
"2022-10-25 00:00:00";1;17086
"2022-10-26 00:00:00";1;17086
"2022-10-27 00:00:00";1;17086
"2022-10-28 00:00:00";1;17086
"2022-10-29 00:00:00";1;17086
"2022-10-30 00:00:00";1;17086
"2022-10-31 00:00:00";1;17086
"2022-11-01 00:00:00";1;17086
"2022-11-02 00:00:00";1;17086
"2022-11-03 00:00:00";1;17086
"2022-11-04 00:00:00";1;17086
"2022-11-05 00:00:00";1;17086
"2022-11-06 00:00:00";1;17086
"2022-11-07 00:00:00";1;17086
"2022-11-08 00:00:00";1;17086
"2022-11-09 00:00:00";1;17086
"2022-11-10 00:00:00";1;17086
"2022-11-11 00:00:00";1;17086
"2022-11-12 00:00:00";1;17086
"2022-11-13 00:00:00";1;17086
"2022-11-14 00:00:00";1;17086
"2022-11-15 00:00:00";1;17086
"2022-11-16 00:00:00";1;17086
"2022-11-17 00:00:00";1;17086
"2022-11-18 00:00:00";1;17086
"2022-11-19 00:00:00";1;17086
"2022-11-20 00:00:00";1;17086
"2022-11-21 00:00:00";1;17086
"2022-11-22 00:00:00";1;17086
"2022-11-23 00:00:00";1;17086
"2022-11-24 00:00:00";1;17086
"2022-11-25 00:00:00";1;17086
"2022-11-26 00:00:00";1;17086
"2022-11-27 00:00:00";1;17086
"2022-11-28 00:00:00";1;17086
"2022-11-29 00:00:00";1;17086
"2022-11-30 00:00:00";1;17086
"2022-12-01 00:00:00";1;17086
"2022-12-02 00:00:00";1;17086
"2022-12-03 00:00:00";1;17086
"2022-12-04 00:00:00";1;17086
"2022-12-05 00:00:00";1;17086
"2022-12-06 00:00:00";1;17086
"2022-12-07 00:00:00";1;17086
"2022-12-08 00:00:00";1;17086
"2022-12-09 00:00:00";1;17086
"2022-12-10 00:00:00";1;17086
"2022-12-11 00:00:00";1;17086
"2022-12-12 00:00:00";1;17086
"2022-12-13 00:00:00";1;17086
"2022-12-14 00:00:00";1;17086
"2022-12-15 00:00:00";1;17086
"2022-12-16 00:00:00";1;17086
"2022-12-17 00:00:00";1;17086
"2022-12-18 00:00:00";1;17086
"2022-12-19 00:00:00";1;17086
"2022-12-20 00:00:00";1;17086
"2022-12-21 00:00:00";1;17086
"2022-12-22 00:00:00";1;17086
"2022-12-23 00:00:00";1;17086
"2022-12-24 00:00:00";1;17086
"2022-12-25 00:00:00";1;17086
"2022-12-26 00:00:00";1;17086
"2022-12-27 00:00:00";1;17086
"2022-12-28 00:00:00";1;17086
"2022-12-29 00:00:00";1;17086
"2022-12-30 00:00:00";1;17086
"2022-12-31 00:00:00";1;17086
"2023-01-01 00:00:00";1;17086
"2023-01-02 00:00:00";1;17086
"2023-01-03 00:00:00";1;17086
"2023-01-04 00:00:00";1;17086
"2023-01-05 00:00:00";1;17086
"2023-01-06 00:00:00";1;17086
"2023-01-07 00:00:00";1;17086
"2023-01-08 00:00:00";1;17086
"2023-01-09 00:00:00";1;17086
"2023-01-10 00:00:00";1;17086
"2023-01-11 00:00:00";1;17086
"2023-01-12 00:00:00";1;17086
"2023-01-13 00:00:00";1;17714
"2023-01-14 00:00:00";1;17767
"2023-01-15 00:00:00";1;17764
"2023-01-16 00:00:00";1;17776
"2023-01-17 00:00:00";1;17754
"2023-01-18 00:00:00";1;17770
"2023-01-19 00:00:00";1;17775
"2023-01-20 00:00:00";1;17783
"2023-01-21 00:00:00";1;17783
"2023-01-22 00:00:00";1;17781
"2023-01-23 00:00:00";1;17771
"2023-01-24 00:00:00";1;17764
"2023-01-25 00:00:00";1;17763
"2023-01-26 00:00:00";1;17760
"2023-01-27 00:00:00";1;17742
"2023-01-28 00:00:00";1;17727
"2023-01-29 00:00:00";1;17730
"2023-01-30 00:00:00";1;17717
"2023-01-31 00:00:00";1;17715
"2023-02-01 00:00:00";1;17720
"2023-02-02 00:00:00";1;17730
"2023-02-03 00:00:00";1;17739
"2023-02-04 00:00:00";1;17725
"2023-02-05 00:00:00";1;17726
"2023-02-06 00:00:00";1;17720
"2023-02-07 00:00:00";1;17727
"2023-02-08 00:00:00";1;17728
"2023-02-09 00:00:00";1;17733
"2023-02-10 00:00:00";1;17740
"2023-02-11 00:00:00";1;17756
"2023-02-12 00:00:00";1;17776
"2023-02-13 00:00:00";1;17791
"2023-02-14 00:00:00";1;17784
"2023-02-15 00:00:00";1;17792
"2023-02-16 00:00:00";1;17790
"2023-02-17 00:00:00";1;17789
"2023-02-18 00:00:00";1;17804
"2023-02-19 00:00:00";1;17816
"2023-02-20 00:00:00";1;17772
"2023-02-21 00:00:00";1;17793
"2023-02-22 00:00:00";1;17816
"2023-02-23 00:00:00";1;17835
"2023-02-24 00:00:00";1;17876
"2023-02-25 00:00:00";1;17890
"2023-02-26 00:00:00";1;17903
"2023-02-27 00:00:00";1;17931
"2023-02-28 00:00:00";1;17935
"2023-03-01 00:00:00";1;17939
"2023-03-02 00:00:00";1;17915
"2023-03-03 00:00:00";1;17910
"2023-03-04 00:00:00";1;17915
"2023-03-05 00:00:00";1;17918
"2023-03-06 00:00:00";1;17923
"2023-03-07 00:00:00";1;17924
"2023-03-08 00:00:00";1;17931
"2023-03-09 00:00:00";1;17939
"2023-03-10 00:00:00";1;17935
"2023-03-11 00:00:00";1;17937
"2023-03-12 00:00:00";1;17951
"2023-03-13 00:00:00";1;17949
"2023-03-14 00:00:00";1;17930
"2023-03-15 00:00:00";1;17940
"2023-03-16 00:00:00";1;17953
"2023-03-17 00:00:00";1;17978
"2023-03-18 00:00:00";1;17993
"2023-03-19 00:00:00";1;17999
"2023-03-20 00:00:00";1;17994
"2023-03-21 00:00:00";1;17992
"2023-03-22 00:00:00";1;18000
"2023-03-23 00:00:00";1;18011
"2023-03-24 00:00:00";1;18013
"2023-03-25 00:00:00";1;18019
"2023-03-26 00:00:00";1;18024
"2023-03-27 00:00:00";1;18038
"2023-03-28 00:00:00";1;18038
"2023-03-29 00:00:00";1;18028
"2023-03-30 00:00:00";1;18031
"2023-03-31 00:00:00";1;18029
"2023-04-01 00:00:00";1;18029
"2023-04-02 00:00:00";1;18022
"2023-04-03 00:00:00";1;18020
"2023-04-04 00:00:00";1;18011
"2023-04-05 00:00:00";1;18009
"2023-04-06 00:00:00";1;18003
"2023-04-07 00:00:00";1;18004
"2023-04-08 00:00:00";1;18009
"2023-04-09 00:00:00";1;18017
"2023-04-10 00:00:00";1;18017
"2023-04-11 00:00:00";1;18013
"2023-04-12 00:00:00";1;18021
"2023-04-13 00:00:00";1;18031
"2023-04-14 00:00:00";1;18036
"2023-04-15 00:00:00";1;18022
"2023-04-16 00:00:00";1;18031
"2023-04-17 00:00:00";1;18049
"2023-04-18 00:00:00";1;18046
"2023-04-19 00:00:00";1;18063
"2023-04-20 00:00:00";1;18069
"2023-04-21 00:00:00";1;18067
"2023-04-22 00:00:00";1;18055
"2023-04-23 00:00:00";1;18038
"2023-04-24 00:00:00";1;18015
"2023-04-25 00:00:00";1;17963
"2023-04-26 00:00:00";1;17965
"2023-04-27 00:00:00";1;17973
"2023-04-28 00:00:00";1;17980
"2023-04-29 00:00:00";1;18003
"2023-04-30 00:00:00";1;17999
"2023-05-01 00:00:00";1;18009
"2023-05-02 00:00:00";1;18017
"2023-05-03 00:00:00";1;18033
"2023-05-04 00:00:00";1;18039
"2023-05-05 00:00:00";1;17983
"2023-05-06 00:00:00";1;17979
"2023-05-07 00:00:00";1;17975
"2023-05-08 00:00:00";1;17975
"2023-05-09 00:00:00";1;17986
"2023-05-10 00:00:00";1;18000
"2023-05-11 00:00:00";1;18014
"2023-05-12 00:00:00";1;18038
"2023-05-13 00:00:00";1;18051
"2023-05-14 00:00:00";1;18062
"2023-05-15 00:00:00";1;18076
"2023-05-16 00:00:00";1;18088
"2023-05-17 00:00:00";1;18087
"2023-05-18 00:00:00";1;18090
"2023-05-19 00:00:00";1;18089
"2023-05-20 00:00:00";1;18083
"2023-05-21 00:00:00";1;18100
"2023-05-22 00:00:00";1;18109
"2023-05-23 00:00:00";1;18109
"2023-05-24 00:00:00";1;18113
"2023-05-25 00:00:00";1;18123
"2023-05-26 00:00:00";1;18136
"2023-05-27 00:00:00";1;18136
"2023-05-28 00:00:00";1;18134
"2023-05-29 00:00:00";1;18140
"2023-05-30 00:00:00";1;18145
"2023-05-31 00:00:00";1;18131
"2023-06-01 00:00:00";1;18131
"2023-06-02 00:00:00";1;18172
"2023-06-03 00:00:00";1;18184
"2023-06-04 00:00:00";1;18186
"2023-06-05 00:00:00";1;18112
"2023-06-06 00:00:00";1;18105
"2023-06-07 00:00:00";1;18109
"2023-06-08 00:00:00";1;18122
"2023-06-09 00:00:00";1;18131
"2023-06-10 00:00:00";1;18137
"2023-06-11 00:00:00";1;18108
"2023-06-12 00:00:00";1;18104
"2023-06-13 00:00:00";1;18093
"2023-06-14 00:00:00";1;18088
"2023-06-15 00:00:00";1;18089
"2023-06-16 00:00:00";1;18046
"2023-06-17 00:00:00";1;18048
"2023-06-18 00:00:00";1;18048
"2023-06-19 00:00:00";1;18053
"2023-06-20 00:00:00";1;18053
"2023-06-21 00:00:00";1;18053
"2023-06-22 00:00:00";1;18053
"2023-06-23 00:00:00";1;18053
"2023-06-24 00:00:00";1;18053
"2023-06-25 00:00:00";1;18053
"2023-06-26 00:00:00";1;18053
"2023-06-27 00:00:00";1;18053
"2023-06-28 00:00:00";1;18053
"2023-06-29 00:00:00";1;18053
"2023-06-30 00:00:00";1;18053
"2023-07-01 00:00:00";1;18053
"2023-07-02 00:00:00";1;18053
"2023-07-03 00:00:00";1;18053
"2023-07-04 00:00:00";1;18053
"2023-07-05 00:00:00";1;18053
"2023-07-06 00:00:00";1;18053
"2023-07-07 00:00:00";1;18053
"2023-07-08 00:00:00";1;18053
"2023-07-09 00:00:00";1;18053
"2023-07-10 00:00:00";1;18053
"2023-07-11 00:00:00";1;18053
"2023-07-12 00:00:00";1;18053
"2023-07-13 00:00:00";1;18053
"2023-07-14 00:00:00";1;18053
"2023-07-15 00:00:00";1;18053
"2023-07-16 00:00:00";1;18053
"2023-07-17 00:00:00";1;18053
"2023-07-18 00:00:00";1;18053
"2023-07-19 00:00:00";1;18053
"2023-07-20 00:00:00";1;18053
"2023-07-21 00:00:00";1;18053
"2023-07-22 00:00:00";1;18053
"2023-07-23 00:00:00";1;18053
"2023-07-24 00:00:00";1;18053
"2023-07-25 00:00:00";1;18053
"2023-07-26 00:00:00";1;18053
"2023-07-27 00:00:00";1;18053
"2023-07-28 00:00:00";1;18053
"2023-07-29 00:00:00";1;18053
"2023-07-30 00:00:00";1;18053
"2023-07-31 00:00:00";1;18053
"2023-08-01 00:00:00";1;18053
"2023-08-02 00:00:00";1;18053
"2023-08-03 00:00:00";1;18053
"2023-08-04 00:00:00";1;18053
"2023-08-05 00:00:00";1;17819
"2023-08-06 00:00:00";1;17841
"2023-08-07 00:00:00";1;17843
"2023-08-08 00:00:00";1;17838
"2023-08-09 00:00:00";1;17840
"2023-08-10 00:00:00";1;17841
"2023-08-11 00:00:00";1;17839
"2023-08-14 00:00:00";1;17831
"2023-08-15 00:00:00";1;17839
"2023-08-16 00:00:00";1;17831
"2023-08-17 00:00:00";1;17835
"2023-08-18 00:00:00";1;17832
"2023-08-19 00:00:00";1;17809
"2023-08-20 00:00:00";1;17807
"2023-08-21 00:00:00";1;17793
"2023-08-22 00:00:00";1;17790
"2023-08-23 00:00:00";1;17733
"2023-08-24 00:00:00";1;17727
"2023-08-25 00:00:00";1;17712
"2023-08-26 00:00:00";1;17710
"2023-08-27 00:00:00";1;17715
"2023-08-28 00:00:00";1;17719
"2023-08-29 00:00:00";1;17685
"2023-08-30 00:00:00";1;17685
"2023-08-31 00:00:00";1;17692
"2023-09-01 00:00:00";1;17690
"2023-09-02 00:00:00";1;17659
"2023-09-03 00:00:00";1;17661
"2023-09-04 00:00:00";1;17661
"2023-09-05 00:00:00";1;17660
"2023-09-06 00:00:00";1;17671
"2023-09-07 00:00:00";1;17667
"2023-09-08 00:00:00";1;17677
"2023-09-09 00:00:00";1;17679
"2023-09-10 00:00:00";1;17678
"2023-09-11 00:00:00";1;17669
"2023-09-12 00:00:00";1;17662
"2023-09-13 00:00:00";1;17645
"2023-09-14 00:00:00";1;17640
"2023-09-15 00:00:00";1;17640
"2023-09-16 00:00:00";1;17639
"2023-09-17 00:00:00";1;17647
"2023-09-18 00:00:00";1;17650
"2023-09-19 00:00:00";1;17656
"2023-09-20 00:00:00";1;17668
"2023-09-21 00:00:00";1;17674
"2023-09-22 00:00:00";1;17678
"2023-09-23 00:00:00";1;17684
"2023-09-24 00:00:00";1;17669
"2023-09-25 00:00:00";1;17548
"2023-09-26 00:00:00";1;17487
"2023-09-27 00:00:00";1;16985
"2023-09-28 00:00:00";1;16946
"2023-09-29 00:00:00";1;16914
"2023-09-30 00:00:00";1;16883
"2023-10-01 00:00:00";1;16587
"2023-10-02 00:00:00";1;16564
"2023-10-03 00:00:00";1;16529
"2023-10-04 00:00:00";1;16515
"2023-10-05 00:00:00";1;16518
"2023-10-06 00:00:00";1;16514
"2023-10-07 00:00:00";1;16514
"2023-10-08 00:00:00";1;16514
"2023-10-09 00:00:00";1;16525
"2023-10-10 00:00:00";1;16528
"2023-10-11 00:00:00";1;16519
"2023-10-12 00:00:00";1;16504
"2023-10-13 00:00:00";1;16505
"2023-10-14 00:00:00";1;16509
"2023-10-15 00:00:00";1;16525
"2023-10-16 00:00:00";1;16523
"2023-10-17 00:00:00";1;16472
"2023-10-18 00:00:00";1;16440
"2023-10-19 00:00:00";1;16416
"2023-10-20 00:00:00";1;16386
"2023-10-21 00:00:00";1;16375
"2023-10-22 00:00:00";1;16350
"2023-10-23 00:00:00";1;16335
"2023-10-24 00:00:00";1;16325
"2023-10-25 00:00:00";1;16327
"2023-10-26 00:00:00";1;16215
"2023-10-27 00:00:00";1;16218
"2023-10-28 00:00:00";1;16211
"2023-10-29 00:00:00";1;16204
"2023-10-30 00:00:00";1;16198
"2023-10-31 00:00:00";1;16185
"2023-11-01 00:00:00";1;16185
"2023-11-02 00:00:00";1;16184
"2023-11-03 00:00:00";1;16195
"2023-11-04 00:00:00";1;16203
"2023-11-05 00:00:00";1;16204
"2023-11-06 00:00:00";1;16198
"2023-11-07 00:00:00";1;16195
"2023-11-08 00:00:00";1;16213
"2023-11-09 00:00:00";1;16216
"2023-11-10 00:00:00";1;16213
"2023-11-11 00:00:00";1;16215
"2023-11-12 00:00:00";1;16218
"2023-11-13 00:00:00";1;16219
"2023-11-14 00:00:00";1;16217
"2023-11-15 00:00:00";1;16219
"2023-11-16 00:00:00";1;16217
"2023-11-17 00:00:00";1;16220
"2023-11-18 00:00:00";1;16220
"2023-11-19 00:00:00";1;16228
"2023-11-20 00:00:00";1;16232
"2023-11-21 00:00:00";1;16619
"2023-11-22 00:00:00";1;16624
"2023-11-23 00:00:00";1;16628
"2023-11-24 00:00:00";1;16614
"2023-11-25 00:00:00";1;16619
"2023-11-26 00:00:00";1;16617
"2023-11-27 00:00:00";1;16611
"2023-11-28 00:00:00";1;16612
"2023-11-29 00:00:00";1;16591
"2023-11-30 00:00:00";1;16603
"2023-12-01 00:00:00";1;16593
"2023-12-02 00:00:00";1;16590
"2023-12-03 00:00:00";1;16598
"2023-12-04 00:00:00";1;16608
"2023-12-05 00:00:00";1;16615
"2023-12-06 00:00:00";1;16613
"2023-12-07 00:00:00";1;16604
"2023-12-08 00:00:00";1;16606
"2023-12-09 00:00:00";1;16593
"2023-12-10 00:00:00";1;16587
"2023-12-11 00:00:00";1;16583
"2023-12-12 00:00:00";1;16590
"2023-12-13 00:00:00";1;16591
"2023-12-14 00:00:00";1;16593
"2023-12-15 00:00:00";1;16592
"2023-12-16 00:00:00";1;16592
"2023-12-17 00:00:00";1;16589
"2023-12-18 00:00:00";1;16593
"2023-12-19 00:00:00";1;16602
"2023-12-20 00:00:00";1;16610
"2023-12-21 00:00:00";1;16604
"2023-12-22 00:00:00";1;16607
"2023-12-23 00:00:00";1;16610
"2023-12-24 00:00:00";1;16614
"2023-12-25 00:00:00";1;16613
"2023-12-26 00:00:00";1;16614
"2023-12-27 00:00:00";1;16616
"2023-12-28 00:00:00";1;16624
"2023-12-29 00:00:00";1;16623
"2023-12-30 00:00:00";1;16626
"2023-12-31 00:00:00";1;16631
"2024-01-01 00:00:00";1;16635
"2024-01-02 00:00:00";1;16639
"2024-01-03 00:00:00";1;16642
"2024-01-04 00:00:00";1;16658
"2024-01-05 00:00:00";1;16661
"2024-01-06 00:00:00";1;16669
"2024-01-07 00:00:00";1;16642
"2024-01-08 00:00:00";1;16639
"2024-01-09 00:00:00";1;16638
"2024-01-10 00:00:00";1;16638
"2024-01-11 00:00:00";1;16637
"2024-01-12 00:00:00";1;16639
"2024-01-13 00:00:00";1;16623
"2024-01-14 00:00:00";1;16627
"2024-01-15 00:00:00";1;16626
"2024-01-16 00:00:00";1;16626
"2024-01-17 00:00:00";1;16634
"2024-01-18 00:00:00";1;16635
"2024-01-19 00:00:00";1;16639
"2024-01-20 00:00:00";1;16628
"2024-01-21 00:00:00";1;16644
"2024-01-22 00:00:00";1;16649
"2024-01-23 00:00:00";1;16651
"2024-01-24 00:00:00";1;16644
"2024-01-25 00:00:00";1;16647
"2024-01-26 00:00:00";1;16636
"2024-01-27 00:00:00";1;16641
"2024-01-28 00:00:00";1;16654
"2024-01-29 00:00:00";1;16664
"2024-01-30 00:00:00";1;16662
"2024-01-31 00:00:00";1;16664
"2024-02-01 00:00:00";1;16664
"2024-02-02 00:00:00";1;16667
"2024-02-03 00:00:00";1;16665
"2024-02-04 00:00:00";1;16657
"2024-02-05 00:00:00";1;16658
"2024-02-06 00:00:00";1;16649
"2024-02-07 00:00:00";1;16642
"2024-02-08 00:00:00";1;16635
"2024-02-09 00:00:00";1;16637
"2024-02-10 00:00:00";1;16593
"2024-02-11 00:00:00";1;16445
"2024-02-12 00:00:00";1;16345
"2024-02-13 00:00:00";1;16339
"2024-02-14 00:00:00";1;16339
"2024-02-15 00:00:00";1;16340
"2024-02-16 00:00:00";1;16297
"2024-02-17 00:00:00";1;16291
"2024-02-18 00:00:00";1;16274
"2024-02-19 00:00:00";1;16260
"2024-02-20 00:00:00";1;16231
"2024-02-21 00:00:00";1;16215
"2024-02-22 00:00:00";1;16212
"2024-02-23 00:00:00";1;16214
"2024-02-24 00:00:00";1;16212
"2024-02-25 00:00:00";1;16192
"2024-02-26 00:00:00";1;16143
"2024-02-27 00:00:00";1;16141
"2024-02-28 00:00:00";1;16138
"2024-02-29 00:00:00";1;16136
"2024-03-01 00:00:00";1;16130
"2024-03-02 00:00:00";1;16131
"2024-03-03 00:00:00";1;16129
"2024-03-04 00:00:00";1;16124
"2024-03-05 00:00:00";1;16123
"2024-03-06 00:00:00";1;16126
"2024-03-07 00:00:00";1;16116
"2024-03-08 00:00:00";1;16115
"2024-03-09 00:00:00";1;16097
"2024-03-10 00:00:00";1;16049
"2024-03-11 00:00:00";1;16022
"2024-03-12 00:00:00";1;16022
"2024-03-13 00:00:00";1;15984
"2024-03-14 00:00:00";1;15966
"2024-03-15 00:00:00";1;15967
"2024-03-16 00:00:00";1;15942
"2024-03-17 00:00:00";1;15932
"2024-03-18 00:00:00";1;15922
"2024-03-19 00:00:00";1;15908
"2024-03-20 00:00:00";1;15882
"2024-03-21 00:00:00";1;15882
"2024-03-22 00:00:00";1;15886
"2024-03-23 00:00:00";1;15883
"2024-03-24 00:00:00";1;15870
"2024-03-25 00:00:00";1;15825
"2024-03-26 00:00:00";1;15822
"2024-03-27 00:00:00";1;15826
"2024-03-28 00:00:00";1;15827
"2024-03-29 00:00:00";1;15823
"2024-03-30 00:00:00";1;15824
"2024-03-31 00:00:00";1;15786
"2024-04-01 00:00:00";1;15756
"2024-04-02 00:00:00";1;15741
"2024-04-03 00:00:00";1;15729
"2024-04-04 00:00:00";1;15730
"2024-04-05 00:00:00";1;15713
"2024-04-06 00:00:00";1;15702
"2024-04-07 00:00:00";1;15690
"2024-04-08 00:00:00";1;15694
"2024-04-09 00:00:00";1;15700
"2024-04-10 00:00:00";1;15682
"2024-04-11 00:00:00";1;15679
"2024-04-12 00:00:00";1;15684
"2024-04-13 00:00:00";1;15683
"2024-04-14 00:00:00";1;15682
"2024-04-15 00:00:00";1;15678
"2024-04-16 00:00:00";1;15669
"2024-04-17 00:00:00";1;15675
"2024-04-18 00:00:00";1;15683
"2024-04-19 00:00:00";1;15684
"2024-04-20 00:00:00";1;15690
"2024-04-21 00:00:00";1;15693
"2024-04-22 00:00:00";1;15693
"2024-04-23 00:00:00";1;15693
"2024-04-24 00:00:00";1;15692
"2024-04-25 00:00:00";1;15701
"2024-04-26 00:00:00";1;15711
"2024-04-27 00:00:00";1;15720
"2024-04-28 00:00:00";1;15728
"2024-04-29 00:00:00";1;15729
"2024-04-30 00:00:00";1;15729
"2024-05-01 00:00:00";1;15744
"2024-05-02 00:00:00";1;15751
"2024-05-03 00:00:00";1;15750
"2024-05-04 00:00:00";1;15756
"2024-05-05 00:00:00";1;15755
"2024-05-06 00:00:00";1;15756
"2024-05-07 00:00:00";1;15756
"2024-05-08 00:00:00";1;15756
"2024-05-09 00:00:00";1;15731
"2024-05-10 00:00:00";1;15734
"2024-05-11 00:00:00";1;15746
"2024-05-12 00:00:00";1;15666
"2024-05-13 00:00:00";1;15674
"2024-05-14 00:00:00";1;15663
"2024-05-15 00:00:00";1;15657
"2024-05-16 00:00:00";1;15644
"2024-05-17 00:00:00";1;15629
"2024-05-18 00:00:00";1;15630
"2024-05-19 00:00:00";1;15628
"2024-05-20 00:00:00";1;15621
"2024-05-21 00:00:00";1;15620
"2024-05-22 00:00:00";1;15611
"2024-05-23 00:00:00";1;15592
"2024-05-24 00:00:00";1;15593
"2024-05-25 00:00:00";1;15593
"2024-05-26 00:00:00";1;15601
"2024-05-27 00:00:00";1;15607
"2024-05-28 00:00:00";1;15596
"2024-05-29 00:00:00";1;15598